Time,nbd0_读取,nbd1_读取,nbd10_读取,nbd11_读取,nbd12_读取,nbd13_读取,nbd14_读取,nbd15_读取,nbd2_读取,nbd3_读取,nbd4_读取,nbd5_读取,nbd6_读取,nbd7_读取,nbd8_读取,nbd9_读取,vda_读取,vdb_读取,nbd0_写入,nbd1_写入,nbd10_写入,nbd11_写入,nbd12_写入,nbd13_写入,nbd14_写入,nbd15_写入,nbd2_写入,nbd3_写入,nbd4_写入,nbd5_写入,nbd6_写入,nbd7_写入,nbd8_写入,nbd9_写入,vda_写入,vdb_写入
2026-06-08 18:13:00,,,,,,,,,,,,,,,,,,,,,,,,,,,,,,,,,,,,
2026-06-08 18:13:01,,,,,,,,,,,,,,,,,,,,,,,,,,,,,,,,,,,,
2026-06-08 18:13:02,,,,,,,,,,,,,,,,,,,,,,,,,,,,,,,,,,,,
2026-06-08 18:13:03,,,,,,,,,,,,,,,,,,,,,,,,,,,,,,,,,,,,
2026-06-08 18:13:04,,,,,,,,,,,,,,,,,,,,,,,,,,,,,,,,,,,,
2026-06-08 18:13:05,,,,,,,,,,,,,,,,,,,,,,,,,,,,,,,,,,,,
2026-06-08 18:13:06,,,,,,,,,,,,,,,,,,,,,,,,,,,,,,,,,,,,
2026-06-08 18:13:07,,,,,,,,,,,,,,,,,,,,,,,,,,,,,,,,,,,,
2026-06-08 18:13:08,,,,,,,,,,,,,,,,,,,,,,,,,,,,,,,,,,,,
2026-06-08 18:13:09,,,,,,,,,,,,,,,,,,,,,,,,,,,,,,,,,,,,
2026-06-08 18:13:10,,,,,,,,,,,,,,,,,,,,,,,,,,,,,,,,,,,,
2026-06-08 18:13:11,,,,,,,,,,,,,,,,,,,,,,,,,,,,,,,,,,,,
2026-06-08 18:13:12,,,,,,,,,,,,,,,,,,,,,,,,,,,,,,,,,,,,
2026-06-08 18:13:13,,,,,,,,,,,,,,,,,,,,,,,,,,,,,,,,,,,,
2026-06-08 18:13:14,,,,,,,,,,,,,,,,,,,,,,,,,,,,,,,,,,,,
2026-06-08 18:13:15,,,,,,,,,,,,,,,,,,,,,,,,,,,,,,,,,,,,
2026-06-08 18:13:16,,,,,,,,,,,,,,,,,,,,,,,,,,,,,,,,,,,,
2026-06-08 18:13:17,,,,,,,,,,,,,,,,,,,,,,,,,,,,,,,,,,,,
2026-06-08 18:13:18,,,,,,,,,,,,,,,,,,,,,,,,,,,,,,,,,,,,
2026-06-08 18:13:19,,,,,,,,,,,,,,,,,,,,,,,,,,,,,,,,,,,,
2026-06-08 18:13:20,,,,,,,,,,,,,,,,,,,,,,,,,,,,,,,,,,,,
2026-06-08 18:13:21,,,,,,,,,,,,,,,,,,,,,,,,,,,,,,,,,,,,
2026-06-08 18:13:22,,,,,,,,,,,,,,,,,,,,,,,,,,,,,,,,,,,,
2026-06-08 18:13:23,,,,,,,,,,,,,,,,,,,,,,,,,,,,,,,,,,,,
2026-06-08 18:13:24,,,,,,,,,,,,,,,,,,,,,,,,,,,,,,,,,,,,
2026-06-08 18:13:25,,,,,,,,,,,,,,,,,,,,,,,,,,,,,,,,,,,,
2026-06-08 18:13:26,,,,,,,,,,,,,,,,,,,,,,,,,,,,,,,,,,,,
2026-06-08 18:13:27,,,,,,,,,,,,,,,,,,,,,,,,,,,,,,,,,,,,
2026-06-08 18:13:28,,,,,,,,,,,,,,,,,,,,,,,,,,,,,,,,,,,,
2026-06-08 18:13:29,,,,,,,,,,,,,,,,,,,,,,,,,,,,,,,,,,,,
2026-06-08 18:13:30,,,,,,,,,,,,,,,,,,,,,,,,,,,,,,,,,,,,
2026-06-08 18:13:31,,,,,,,,,,,,,,,,,,,,,,,,,,,,,,,,,,,,
2026-06-08 18:13:32,,,,,,,,,,,,,,,,,,,,,,,,,,,,,,,,,,,,
2026-06-08 18:13:33,,,,,,,,,,,,,,,,,,,,,,,,,,,,,,,,,,,,
2026-06-08 18:13:34,,,,,,,,,,,,,,,,,,,,,,,,,,,,,,,,,,,,
2026-06-08 18:13:35,,,,,,,,,,,,,,,,,,,,,,,,,,,,,,,,,,,,
2026-06-08 18:13:36,,,,,,,,,,,,,,,,,,,,,,,,,,,,,,,,,,,,
2026-06-08 18:13:37,,,,,,,,,,,,,,,,,,,,,,,,,,,,,,,,,,,,
2026-06-08 18:13:38,,,,,,,,,,,,,,,,,,,,,,,,,,,,,,,,,,,,
2026-06-08 18:13:39,,,,,,,,,,,,,,,,,,,,,,,,,,,,,,,,,,,,
2026-06-08 18:13:40,,,,,,,,,,,,,,,,,,,,,,,,,,,,,,,,,,,,
2026-06-08 18:13:41,,,,,,,,,,,,,,,,,,,,,,,,,,,,,,,,,,,,
2026-06-08 18:13:42,,,,,,,,,,,,,,,,,,,,,,,,,,,,,,,,,,,,
2026-06-08 18:13:43,,,,,,,,,,,,,,,,,,,,,,,,,,,,,,,,,,,,
2026-06-08 18:13:44,,,,,,,,,,,,,,,,,,,,,,,,,,,,,,,,,,,,
2026-06-08 18:13:45,,,,,,,,,,,,,,,,,,,,,,,,,,,,,,,,,,,,
2026-06-08 18:13:46,,,,,,,,,,,,,,,,,,,,,,,,,,,,,,,,,,,,
2026-06-08 18:13:47,,,,,,,,,,,,,,,,,,,,,,,,,,,,,,,,,,,,
2026-06-08 18:13:48,,,,,,,,,,,,,,,,,,,,,,,,,,,,,,,,,,,,
2026-06-08 18:13:49,,,,,,,,,,,,,,,,,,,,,,,,,,,,,,,,,,,,
2026-06-08 18:13:50,,,,,,,,,,,,,,,,,,,,,,,,,,,,,,,,,,,,
2026-06-08 18:13:51,,,,,,,,,,,,,,,,,,,,,,,,,,,,,,,,,,,,
2026-06-08 18:13:52,,,,,,,,,,,,,,,,,,,,,,,,,,,,,,,,,,,,
2026-06-08 18:13:53,,,,,,,,,,,,,,,,,,,,,,,,,,,,,,,,,,,,
2026-06-08 18:13:54,,,,,,,,,,,,,,,,,,,,,,,,,,,,,,,,,,,,
2026-06-08 18:13:55,,,,,,,,,,,,,,,,,,,,,,,,,,,,,,,,,,,,
2026-06-08 18:13:56,,,,,,,,,,,,,,,,,,,,,,,,,,,,,,,,,,,,
2026-06-08 18:13:57,,,,,,,,,,,,,,,,,,,,,,,,,,,,,,,,,,,,
2026-06-08 18:13:58,,,,,,,,,,,,,,,,,,,,,,,,,,,,,,,,,,,,
2026-06-08 18:13:59,,,,,,,,,,,,,,,,,,,,,,,,,,,,,,,,,,,,
2026-06-08 18:14:00,,,,,,,,,,,,,,,,,,,,,,,,,,,,,,,,,,,,
2026-06-08 18:14:01,,,,,,,,,,,,,,,,,,,,,,,,,,,,,,,,,,,,
2026-06-08 18:14:02,,,,,,,,,,,,,,,,,,,,,,,,,,,,,,,,,,,,
2026-06-08 18:14:03,,,,,,,,,,,,,,,,,,,,,,,,,,,,,,,,,,,,
2026-06-08 18:14:04,,,,,,,,,,,,,,,,,,,,,,,,,,,,,,,,,,,,
2026-06-08 18:14:05,,,,,,,,,,,,,,,,,,,,,,,,,,,,,,,,,,,,
2026-06-08 18:14:06,,,,,,,,,,,,,,,,,,,,,,,,,,,,,,,,,,,,
2026-06-08 18:14:07,,,,,,,,,,,,,,,,,,,,,,,,,,,,,,,,,,,,
2026-06-08 18:14:08,,,,,,,,,,,,,,,,,,,,,,,,,,,,,,,,,,,,
2026-06-08 18:14:09,,,,,,,,,,,,,,,,,,,,,,,,,,,,,,,,,,,,
2026-06-08 18:14:10,,,,,,,,,,,,,,,,,,,,,,,,,,,,,,,,,,,,
2026-06-08 18:14:11,,,,,,,,,,,,,,,,,,,,,,,,,,,,,,,,,,,,
2026-06-08 18:14:12,,,,,,,,,,,,,,,,,,,,,,,,,,,,,,,,,,,,
2026-06-08 18:14:13,,,,,,,,,,,,,,,,,,,,,,,,,,,,,,,,,,,,
2026-06-08 18:14:14,,,,,,,,,,,,,,,,,,,,,,,,,,,,,,,,,,,,
2026-06-08 18:14:15,,,,,,,,,,,,,,,,,,,,,,,,,,,,,,,,,,,,
2026-06-08 18:14:16,,,,,,,,,,,,,,,,,,,,,,,,,,,,,,,,,,,,
2026-06-08 18:14:17,,,,,,,,,,,,,,,,,,,,,,,,,,,,,,,,,,,,
2026-06-08 18:14:18,,,,,,,,,,,,,,,,,,,,,,,,,,,,,,,,,,,,
2026-06-08 18:14:19,,,,,,,,,,,,,,,,,,,,,,,,,,,,,,,,,,,,
2026-06-08 18:14:20,,,,,,,,,,,,,,,,,,,,,,,,,,,,,,,,,,,,
2026-06-08 18:14:21,,,,,,,,,,,,,,,,,,,,,,,,,,,,,,,,,,,,
2026-06-08 18:14:22,,,,,,,,,,,,,,,,,,,,,,,,,,,,,,,,,,,,
2026-06-08 18:14:23,,,,,,,,,,,,,,,,,,,,,,,,,,,,,,,,,,,,
2026-06-08 18:14:24,,,,,,,,,,,,,,,,,,,,,,,,,,,,,,,,,,,,
2026-06-08 18:14:25,,,,,,,,,,,,,,,,,,,,,,,,,,,,,,,,,,,,
2026-06-08 18:14:26,,,,,,,,,,,,,,,,,,,,,,,,,,,,,,,,,,,,
2026-06-08 18:14:27,,,,,,,,,,,,,,,,,,,,,,,,,,,,,,,,,,,,
2026-06-08 18:14:28,,,,,,,,,,,,,,,,,,,,,,,,,,,,,,,,,,,,
2026-06-08 18:14:29,,,,,,,,,,,,,,,,,,,,,,,,,,,,,,,,,,,,
2026-06-08 18:14:30,,,,,,,,,,,,,,,,,,,,,,,,,,,,,,,,,,,,
2026-06-08 18:14:31,,,,,,,,,,,,,,,,,,,,,,,,,,,,,,,,,,,,
2026-06-08 18:14:32,,,,,,,,,,,,,,,,,,,,,,,,,,,,,,,,,,,,
2026-06-08 18:14:33,,,,,,,,,,,,,,,,,,,,,,,,,,,,,,,,,,,,
2026-06-08 18:14:34,,,,,,,,,,,,,,,,,,,,,,,,,,,,,,,,,,,,
2026-06-08 18:14:35,,,,,,,,,,,,,,,,,,,,,,,,,,,,,,,,,,,,
2026-06-08 18:14:36,,,,,,,,,,,,,,,,,,,,,,,,,,,,,,,,,,,,
2026-06-08 18:14:37,,,,,,,,,,,,,,,,,,,,,,,,,,,,,,,,,,,,
2026-06-08 18:14:38,,,,,,,,,,,,,,,,,,,,,,,,,,,,,,,,,,,,
2026-06-08 18:14:39,,,,,,,,,,,,,,,,,,,,,,,,,,,,,,,,,,,,
2026-06-08 18:14:40,,,,,,,,,,,,,,,,,,,,,,,,,,,,,,,,,,,,
2026-06-08 18:14:41,,,,,,,,,,,,,,,,,,,,,,,,,,,,,,,,,,,,
2026-06-08 18:14:42,,,,,,,,,,,,,,,,,,,,,,,,,,,,,,,,,,,,
2026-06-08 18:14:43,,,,,,,,,,,,,,,,,,,,,,,,,,,,,,,,,,,,
2026-06-08 18:14:44,,,,,,,,,,,,,,,,,,,,,,,,,,,,,,,,,,,,
2026-06-08 18:14:45,,,,,,,,,,,,,,,,,,,,,,,,,,,,,,,,,,,,
2026-06-08 18:14:46,,,,,,,,,,,,,,,,,,,,,,,,,,,,,,,,,,,,
2026-06-08 18:14:47,,,,,,,,,,,,,,,,,,,,,,,,,,,,,,,,,,,,
2026-06-08 18:14:48,,,,,,,,,,,,,,,,,,,,,,,,,,,,,,,,,,,,
2026-06-08 18:14:49,,,,,,,,,,,,,,,,,,,,,,,,,,,,,,,,,,,,
2026-06-08 18:14:50,,,,,,,,,,,,,,,,,,,,,,,,,,,,,,,,,,,,
2026-06-08 18:14:51,,,,,,,,,,,,,,,,,,,,,,,,,,,,,,,,,,,,
2026-06-08 18:14:52,,,,,,,,,,,,,,,,,,,,,,,,,,,,,,,,,,,,
2026-06-08 18:14:53,,,,,,,,,,,,,,,,,,,,,,,,,,,,,,,,,,,,
2026-06-08 18:14:54,,,,,,,,,,,,,,,,,,,,,,,,,,,,,,,,,,,,
2026-06-08 18:14:55,,,,,,,,,,,,,,,,,,,,,,,,,,,,,,,,,,,,
2026-06-08 18:14:56,,,,,,,,,,,,,,,,,,,,,,,,,,,,,,,,,,,,
2026-06-08 18:14:57,,,,,,,,,,,,,,,,,,,,,,,,,,,,,,,,,,,,
2026-06-08 18:14:58,,,,,,,,,,,,,,,,,,,,,,,,,,,,,,,,,,,,
2026-06-08 18:14:59,,,,,,,,,,,,,,,,,,,,,,,,,,,,,,,,,,,,
2026-06-08 18:15:00,,,,,,,,,,,,,,,,,,,,,,,,,,,,,,,,,,,,
2026-06-08 18:15:01,,,,,,,,,,,,,,,,,,,,,,,,,,,,,,,,,,,,
2026-06-08 18:15:02,,,,,,,,,,,,,,,,,,,,,,,,,,,,,,,,,,,,
2026-06-08 18:15:03,,,,,,,,,,,,,,,,,,,,,,,,,,,,,,,,,,,,
2026-06-08 18:15:04,,,,,,,,,,,,,,,,,,,,,,,,,,,,,,,,,,,,
2026-06-08 18:15:05,,,,,,,,,,,,,,,,,,,,,,,,,,,,,,,,,,,,
2026-06-08 18:15:06,,,,,,,,,,,,,,,,,,,,,,,,,,,,,,,,,,,,
2026-06-08 18:15:07,,,,,,,,,,,,,,,,,,,,,,,,,,,,,,,,,,,,
2026-06-08 18:15:08,,,,,,,,,,,,,,,,,,,,,,,,,,,,,,,,,,,,
2026-06-08 18:15:09,,,,,,,,,,,,,,,,,,,,,,,,,,,,,,,,,,,,
2026-06-08 18:15:10,,,,,,,,,,,,,,,,,,,,,,,,,,,,,,,,,,,,
2026-06-08 18:15:11,,,,,,,,,,,,,,,,,,,,,,,,,,,,,,,,,,,,
2026-06-08 18:15:12,,,,,,,,,,,,,,,,,,,,,,,,,,,,,,,,,,,,
2026-06-08 18:15:13,,,,,,,,,,,,,,,,,,,,,,,,,,,,,,,,,,,,
2026-06-08 18:15:14,,,,,,,,,,,,,,,,,,,,,,,,,,,,,,,,,,,,
2026-06-08 18:15:15,,,,,,,,,,,,,,,,,,,,,,,,,,,,,,,,,,,,
2026-06-08 18:15:16,,,,,,,,,,,,,,,,,,,,,,,,,,,,,,,,,,,,
2026-06-08 18:15:17,,,,,,,,,,,,,,,,,,,,,,,,,,,,,,,,,,,,
2026-06-08 18:15:18,,,,,,,,,,,,,,,,,,,,,,,,,,,,,,,,,,,,
2026-06-08 18:15:19,,,,,,,,,,,,,,,,,,,,,,,,,,,,,,,,,,,,
2026-06-08 18:15:20,,,,,,,,,,,,,,,,,,,,,,,,,,,,,,,,,,,,
2026-06-08 18:15:21,,,,,,,,,,,,,,,,,,,,,,,,,,,,,,,,,,,,
2026-06-08 18:15:22,,,,,,,,,,,,,,,,,,,,,,,,,,,,,,,,,,,,
2026-06-08 18:15:23,,,,,,,,,,,,,,,,,,,,,,,,,,,,,,,,,,,,
2026-06-08 18:15:24,,,,,,,,,,,,,,,,,,,,,,,,,,,,,,,,,,,,
2026-06-08 18:15:25,,,,,,,,,,,,,,,,,,,,,,,,,,,,,,,,,,,,
2026-06-08 18:15:26,,,,,,,,,,,,,,,,,,,,,,,,,,,,,,,,,,,,
2026-06-08 18:15:27,,,,,,,,,,,,,,,,,,,,,,,,,,,,,,,,,,,,
2026-06-08 18:15:28,,,,,,,,,,,,,,,,,,,,,,,,,,,,,,,,,,,,
2026-06-08 18:15:29,,,,,,,,,,,,,,,,,,,,,,,,,,,,,,,,,,,,
2026-06-08 18:15:30,,,,,,,,,,,,,,,,,,,,,,,,,,,,,,,,,,,,
2026-06-08 18:15:31,,,,,,,,,,,,,,,,,,,,,,,,,,,,,,,,,,,,
2026-06-08 18:15:32,,,,,,,,,,,,,,,,,,,,,,,,,,,,,,,,,,,,
2026-06-08 18:15:33,,,,,,,,,,,,,,,,,,,,,,,,,,,,,,,,,,,,
2026-06-08 18:15:34,,,,,,,,,,,,,,,,,,,,,,,,,,,,,,,,,,,,
2026-06-08 18:15:35,,,,,,,,,,,,,,,,,,,,,,,,,,,,,,,,,,,,
2026-06-08 18:15:36,,,,,,,,,,,,,,,,,,,,,,,,,,,,,,,,,,,,
2026-06-08 18:15:37,,,,,,,,,,,,,,,,,,,,,,,,,,,,,,,,,,,,
2026-06-08 18:15:38,,,,,,,,,,,,,,,,,,,,,,,,,,,,,,,,,,,,
2026-06-08 18:15:39,,,,,,,,,,,,,,,,,,,,,,,,,,,,,,,,,,,,
2026-06-08 18:15:40,,,,,,,,,,,,,,,,,,,,,,,,,,,,,,,,,,,,
2026-06-08 18:15:41,,,,,,,,,,,,,,,,,,,,,,,,,,,,,,,,,,,,
2026-06-08 18:15:42,,,,,,,,,,,,,,,,,,,,,,,,,,,,,,,,,,,,
2026-06-08 18:15:43,,,,,,,,,,,,,,,,,,,,,,,,,,,,,,,,,,,,
2026-06-08 18:15:44,,,,,,,,,,,,,,,,,,,,,,,,,,,,,,,,,,,,
2026-06-08 18:15:45,,,,,,,,,,,,,,,,,,,,,,,,,,,,,,,,,,,,
2026-06-08 18:15:46,,,,,,,,,,,,,,,,,,,,,,,,,,,,,,,,,,,,
2026-06-08 18:15:47,,,,,,,,,,,,,,,,,,,,,,,,,,,,,,,,,,,,
2026-06-08 18:15:48,,,,,,,,,,,,,,,,,,,,,,,,,,,,,,,,,,,,
2026-06-08 18:15:49,,,,,,,,,,,,,,,,,,,,,,,,,,,,,,,,,,,,
2026-06-08 18:15:50,,,,,,,,,,,,,,,,,,,,,,,,,,,,,,,,,,,,
2026-06-08 18:15:51,,,,,,,,,,,,,,,,,,,,,,,,,,,,,,,,,,,,
2026-06-08 18:15:52,,,,,,,,,,,,,,,,,,,,,,,,,,,,,,,,,,,,
2026-06-08 18:15:53,,,,,,,,,,,,,,,,,,,,,,,,,,,,,,,,,,,,
2026-06-08 18:15:54,,,,,,,,,,,,,,,,,,,,,,,,,,,,,,,,,,,,
2026-06-08 18:15:55,,,,,,,,,,,,,,,,,,,,,,,,,,,,,,,,,,,,
2026-06-08 18:15:56,,,,,,,,,,,,,,,,,,,,,,,,,,,,,,,,,,,,
2026-06-08 18:15:57,,,,,,,,,,,,,,,,,,,,,,,,,,,,,,,,,,,,
2026-06-08 18:15:58,,,,,,,,,,,,,,,,,,,,,,,,,,,,,,,,,,,,
2026-06-08 18:15:59,,,,,,,,,,,,,,,,,,,,,,,,,,,,,,,,,,,,
2026-06-08 18:16:00,,,,,,,,,,,,,,,,,,,,,,,,,,,,,,,,,,,,
2026-06-08 18:16:01,,,,,,,,,,,,,,,,,,,,,,,,,,,,,,,,,,,,
2026-06-08 18:16:02,,,,,,,,,,,,,,,,,,,,,,,,,,,,,,,,,,,,
2026-06-08 18:16:03,,,,,,,,,,,,,,,,,,,,,,,,,,,,,,,,,,,,
2026-06-08 18:16:04,,,,,,,,,,,,,,,,,,,,,,,,,,,,,,,,,,,,
2026-06-08 18:16:05,,,,,,,,,,,,,,,,,,,,,,,,,,,,,,,,,,,,
2026-06-08 18:16:06,,,,,,,,,,,,,,,,,,,,,,,,,,,,,,,,,,,,
2026-06-08 18:16:07,,,,,,,,,,,,,,,,,,,,,,,,,,,,,,,,,,,,
2026-06-08 18:16:08,,,,,,,,,,,,,,,,,,,,,,,,,,,,,,,,,,,,
2026-06-08 18:16:09,,,,,,,,,,,,,,,,,,,,,,,,,,,,,,,,,,,,
2026-06-08 18:16:10,,,,,,,,,,,,,,,,,,,,,,,,,,,,,,,,,,,,
2026-06-08 18:16:11,,,,,,,,,,,,,,,,,,,,,,,,,,,,,,,,,,,,
2026-06-08 18:16:12,,,,,,,,,,,,,,,,,,,,,,,,,,,,,,,,,,,,
2026-06-08 18:16:13,,,,,,,,,,,,,,,,,,,,,,,,,,,,,,,,,,,,
2026-06-08 18:16:14,,,,,,,,,,,,,,,,,,,,,,,,,,,,,,,,,,,,
2026-06-08 18:16:15,,,,,,,,,,,,,,,,,,,,,,,,,,,,,,,,,,,,
2026-06-08 18:16:16,,,,,,,,,,,,,,,,,,,,,,,,,,,,,,,,,,,,
2026-06-08 18:16:17,,,,,,,,,,,,,,,,,,,,,,,,,,,,,,,,,,,,
2026-06-08 18:16:18,,,,,,,,,,,,,,,,,,,,,,,,,,,,,,,,,,,,
2026-06-08 18:16:19,,,,,,,,,,,,,,,,,,,,,,,,,,,,,,,,,,,,
2026-06-08 18:16:20,,,,,,,,,,,,,,,,,,,,,,,,,,,,,,,,,,,,
2026-06-08 18:16:21,,,,,,,,,,,,,,,,,,,,,,,,,,,,,,,,,,,,
2026-06-08 18:16:22,,,,,,,,,,,,,,,,,,,,,,,,,,,,,,,,,,,,
2026-06-08 18:16:23,,,,,,,,,,,,,,,,,,,,,,,,,,,,,,,,,,,,
2026-06-08 18:16:24,,,,,,,,,,,,,,,,,,,,,,,,,,,,,,,,,,,,
2026-06-08 18:16:25,,,,,,,,,,,,,,,,,,,,,,,,,,,,,,,,,,,,
2026-06-08 18:16:26,,,,,,,,,,,,,,,,,,,,,,,,,,,,,,,,,,,,
2026-06-08 18:16:27,,,,,,,,,,,,,,,,,,,,,,,,,,,,,,,,,,,,
2026-06-08 18:16:28,,,,,,,,,,,,,,,,,,,,,,,,,,,,,,,,,,,,
2026-06-08 18:16:29,,,,,,,,,,,,,,,,,,,,,,,,,,,,,,,,,,,,
2026-06-08 18:16:30,,,,,,,,,,,,,,,,,,,,,,,,,,,,,,,,,,,,
2026-06-08 18:16:31,,,,,,,,,,,,,,,,,,,,,,,,,,,,,,,,,,,,
2026-06-08 18:16:32,,,,,,,,,,,,,,,,,,,,,,,,,,,,,,,,,,,,
2026-06-08 18:16:33,,,,,,,,,,,,,,,,,,,,,,,,,,,,,,,,,,,,
2026-06-08 18:16:34,,,,,,,,,,,,,,,,,,,,,,,,,,,,,,,,,,,,
2026-06-08 18:16:35,,,,,,,,,,,,,,,,,,,,,,,,,,,,,,,,,,,,
2026-06-08 18:16:36,,,,,,,,,,,,,,,,,,,,,,,,,,,,,,,,,,,,
2026-06-08 18:16:37,,,,,,,,,,,,,,,,,,,,,,,,,,,,,,,,,,,,
2026-06-08 18:16:38,,,,,,,,,,,,,,,,,,,,,,,,,,,,,,,,,,,,
2026-06-08 18:16:39,,,,,,,,,,,,,,,,,,,,,,,,,,,,,,,,,,,,
2026-06-08 18:16:40,,,,,,,,,,,,,,,,,,,,,,,,,,,,,,,,,,,,
2026-06-08 18:16:41,,,,,,,,,,,,,,,,,,,,,,,,,,,,,,,,,,,,
2026-06-08 18:16:42,,,,,,,,,,,,,,,,,,,,,,,,,,,,,,,,,,,,
2026-06-08 18:16:43,,,,,,,,,,,,,,,,,,,,,,,,,,,,,,,,,,,,
2026-06-08 18:16:44,,,,,,,,,,,,,,,,,,,,,,,,,,,,,,,,,,,,
2026-06-08 18:16:45,,,,,,,,,,,,,,,,,,,,,,,,,,,,,,,,,,,,
2026-06-08 18:16:46,,,,,,,,,,,,,,,,,,,,,,,,,,,,,,,,,,,,
2026-06-08 18:16:47,,,,,,,,,,,,,,,,,,,,,,,,,,,,,,,,,,,,
2026-06-08 18:16:48,,,,,,,,,,,,,,,,,,,,,,,,,,,,,,,,,,,,
2026-06-08 18:16:49,,,,,,,,,,,,,,,,,,,,,,,,,,,,,,,,,,,,
2026-06-08 18:16:50,,,,,,,,,,,,,,,,,,,,,,,,,,,,,,,,,,,,
2026-06-08 18:16:51,,,,,,,,,,,,,,,,,,,,,,,,,,,,,,,,,,,,
2026-06-08 18:16:52,,,,,,,,,,,,,,,,,,,,,,,,,,,,,,,,,,,,
2026-06-08 18:16:53,,,,,,,,,,,,,,,,,,,,,,,,,,,,,,,,,,,,
2026-06-08 18:16:54,,,,,,,,,,,,,,,,,,,,,,,,,,,,,,,,,,,,
2026-06-08 18:16:55,,,,,,,,,,,,,,,,,,,,,,,,,,,,,,,,,,,,
2026-06-08 18:16:56,,,,,,,,,,,,,,,,,,,,,,,,,,,,,,,,,,,,
2026-06-08 18:16:57,,,,,,,,,,,,,,,,,,,,,,,,,,,,,,,,,,,,
2026-06-08 18:16:58,,,,,,,,,,,,,,,,,,,,,,,,,,,,,,,,,,,,
2026-06-08 18:16:59,,,,,,,,,,,,,,,,,,,,,,,,,,,,,,,,,,,,
2026-06-08 18:17:00,,,,,,,,,,,,,,,,,,,,,,,,,,,,,,,,,,,,
2026-06-08 18:17:01,,,,,,,,,,,,,,,,,,,,,,,,,,,,,,,,,,,,
2026-06-08 18:17:02,,,,,,,,,,,,,,,,,,,,,,,,,,,,,,,,,,,,
2026-06-08 18:17:03,,,,,,,,,,,,,,,,,,,,,,,,,,,,,,,,,,,,
2026-06-08 18:17:04,,,,,,,,,,,,,,,,,,,,,,,,,,,,,,,,,,,,
2026-06-08 18:17:05,,,,,,,,,,,,,,,,,,,,,,,,,,,,,,,,,,,,
2026-06-08 18:17:06,,,,,,,,,,,,,,,,,,,,,,,,,,,,,,,,,,,,
2026-06-08 18:17:07,,,,,,,,,,,,,,,,,,,,,,,,,,,,,,,,,,,,
2026-06-08 18:17:08,,,,,,,,,,,,,,,,,,,,,,,,,,,,,,,,,,,,
2026-06-08 18:17:09,,,,,,,,,,,,,,,,,,,,,,,,,,,,,,,,,,,,
2026-06-08 18:17:10,,,,,,,,,,,,,,,,,,,,,,,,,,,,,,,,,,,,
2026-06-08 18:17:11,,,,,,,,,,,,,,,,,,,,,,,,,,,,,,,,,,,,
2026-06-08 18:17:12,,,,,,,,,,,,,,,,,,,,,,,,,,,,,,,,,,,,
2026-06-08 18:17:13,,,,,,,,,,,,,,,,,,,,,,,,,,,,,,,,,,,,
2026-06-08 18:17:14,,,,,,,,,,,,,,,,,,,,,,,,,,,,,,,,,,,,
2026-06-08 18:17:15,,,,,,,,,,,,,,,,,,,,,,,,,,,,,,,,,,,,
2026-06-08 18:17:16,,,,,,,,,,,,,,,,,,,,,,,,,,,,,,,,,,,,
2026-06-08 18:17:17,,,,,,,,,,,,,,,,,,,,,,,,,,,,,,,,,,,,
2026-06-08 18:17:18,,,,,,,,,,,,,,,,,,,,,,,,,,,,,,,,,,,,
2026-06-08 18:17:19,,,,,,,,,,,,,,,,,,,,,,,,,,,,,,,,,,,,
2026-06-08 18:17:20,,,,,,,,,,,,,,,,,,,,,,,,,,,,,,,,,,,,
2026-06-08 18:17:21,,,,,,,,,,,,,,,,,,,,,,,,,,,,,,,,,,,,
2026-06-08 18:17:22,,,,,,,,,,,,,,,,,,,,,,,,,,,,,,,,,,,,
2026-06-08 18:17:23,,,,,,,,,,,,,,,,,,,,,,,,,,,,,,,,,,,,
2026-06-08 18:17:24,,,,,,,,,,,,,,,,,,,,,,,,,,,,,,,,,,,,
2026-06-08 18:17:25,,,,,,,,,,,,,,,,,,,,,,,,,,,,,,,,,,,,
2026-06-08 18:17:26,,,,,,,,,,,,,,,,,,,,,,,,,,,,,,,,,,,,
2026-06-08 18:17:27,,,,,,,,,,,,,,,,,,,,,,,,,,,,,,,,,,,,
2026-06-08 18:17:28,,,,,,,,,,,,,,,,,,,,,,,,,,,,,,,,,,,,
2026-06-08 18:17:29,,,,,,,,,,,,,,,,,,,,,,,,,,,,,,,,,,,,
2026-06-08 18:17:30,,,,,,,,,,,,,,,,,,,,,,,,,,,,,,,,,,,,
2026-06-08 18:17:31,,,,,,,,,,,,,,,,,,,,,,,,,,,,,,,,,,,,
2026-06-08 18:17:32,,,,,,,,,,,,,,,,,,,,,,,,,,,,,,,,,,,,
2026-06-08 18:17:33,,,,,,,,,,,,,,,,,,,,,,,,,,,,,,,,,,,,
2026-06-08 18:17:34,,,,,,,,,,,,,,,,,,,,,,,,,,,,,,,,,,,,
2026-06-08 18:17:35,,,,,,,,,,,,,,,,,,,,,,,,,,,,,,,,,,,,
2026-06-08 18:17:36,,,,,,,,,,,,,,,,,,,,,,,,,,,,,,,,,,,,
2026-06-08 18:17:37,,,,,,,,,,,,,,,,,,,,,,,,,,,,,,,,,,,,
2026-06-08 18:17:38,,,,,,,,,,,,,,,,,,,,,,,,,,,,,,,,,,,,
2026-06-08 18:17:39,,,,,,,,,,,,,,,,,,,,,,,,,,,,,,,,,,,,
2026-06-08 18:17:40,,,,,,,,,,,,,,,,,,,,,,,,,,,,,,,,,,,,
2026-06-08 18:17:41,,,,,,,,,,,,,,,,,,,,,,,,,,,,,,,,,,,,
2026-06-08 18:17:42,,,,,,,,,,,,,,,,,,,,,,,,,,,,,,,,,,,,
2026-06-08 18:17:43,,,,,,,,,,,,,,,,,,,,,,,,,,,,,,,,,,,,
2026-06-08 18:17:44,,,,,,,,,,,,,,,,,,,,,,,,,,,,,,,,,,,,
2026-06-08 18:17:45,,,,,,,,,,,,,,,,,,,,,,,,,,,,,,,,,,,,
2026-06-08 18:17:46,,,,,,,,,,,,,,,,,,,,,,,,,,,,,,,,,,,,
2026-06-08 18:17:47,,,,,,,,,,,,,,,,,,,,,,,,,,,,,,,,,,,,
2026-06-08 18:17:48,,,,,,,,,,,,,,,,,,,,,,,,,,,,,,,,,,,,
2026-06-08 18:17:49,,,,,,,,,,,,,,,,,,,,,,,,,,,,,,,,,,,,
2026-06-08 18:17:50,,,,,,,,,,,,,,,,,,,,,,,,,,,,,,,,,,,,
2026-06-08 18:17:51,,,,,,,,,,,,,,,,,,,,,,,,,,,,,,,,,,,,
2026-06-08 18:17:52,,,,,,,,,,,,,,,,,,,,,,,,,,,,,,,,,,,,
2026-06-08 18:17:53,,,,,,,,,,,,,,,,,,,,,,,,,,,,,,,,,,,,
2026-06-08 18:17:54,,,,,,,,,,,,,,,,,,,,,,,,,,,,,,,,,,,,
2026-06-08 18:17:55,,,,,,,,,,,,,,,,,,,,,,,,,,,,,,,,,,,,
2026-06-08 18:17:56,,,,,,,,,,,,,,,,,,,,,,,,,,,,,,,,,,,,
2026-06-08 18:17:57,,,,,,,,,,,,,,,,,,,,,,,,,,,,,,,,,,,,
2026-06-08 18:17:58,,,,,,,,,,,,,,,,,,,,,,,,,,,,,,,,,,,,
2026-06-08 18:17:59,,,,,,,,,,,,,,,,,,,,,,,,,,,,,,,,,,,,
2026-06-08 18:18:00,,,,,,,,,,,,,,,,,,,,,,,,,,,,,,,,,,,,
2026-06-08 18:18:01,,,,,,,,,,,,,,,,,,,,,,,,,,,,,,,,,,,,
2026-06-08 18:18:02,,,,,,,,,,,,,,,,,,,,,,,,,,,,,,,,,,,,
2026-06-08 18:18:03,,,,,,,,,,,,,,,,,,,,,,,,,,,,,,,,,,,,
2026-06-08 18:18:04,,,,,,,,,,,,,,,,,,,,,,,,,,,,,,,,,,,,
2026-06-08 18:18:05,,,,,,,,,,,,,,,,,,,,,,,,,,,,,,,,,,,,
2026-06-08 18:18:06,,,,,,,,,,,,,,,,,,,,,,,,,,,,,,,,,,,,
2026-06-08 18:18:07,,,,,,,,,,,,,,,,,,,,,,,,,,,,,,,,,,,,
2026-06-08 18:18:08,,,,,,,,,,,,,,,,,,,,,,,,,,,,,,,,,,,,
2026-06-08 18:18:09,,,,,,,,,,,,,,,,,,,,,,,,,,,,,,,,,,,,
2026-06-08 18:18:10,,,,,,,,,,,,,,,,,,,,,,,,,,,,,,,,,,,,
2026-06-08 18:18:11,,,,,,,,,,,,,,,,,,,,,,,,,,,,,,,,,,,,
2026-06-08 18:18:12,,,,,,,,,,,,,,,,,,,,,,,,,,,,,,,,,,,,
2026-06-08 18:18:13,,,,,,,,,,,,,,,,,,,,,,,,,,,,,,,,,,,,
2026-06-08 18:18:14,,,,,,,,,,,,,,,,,,,,,,,,,,,,,,,,,,,,
2026-06-08 18:18:15,,,,,,,,,,,,,,,,,,,,,,,,,,,,,,,,,,,,
2026-06-08 18:18:16,,,,,,,,,,,,,,,,,,,,,,,,,,,,,,,,,,,,
2026-06-08 18:18:17,,,,,,,,,,,,,,,,,,,,,,,,,,,,,,,,,,,,
2026-06-08 18:18:18,,,,,,,,,,,,,,,,,,,,,,,,,,,,,,,,,,,,
2026-06-08 18:18:19,,,,,,,,,,,,,,,,,,,,,,,,,,,,,,,,,,,,
2026-06-08 18:18:20,,,,,,,,,,,,,,,,,,,,,,,,,,,,,,,,,,,,
2026-06-08 18:18:21,,,,,,,,,,,,,,,,,,,,,,,,,,,,,,,,,,,,
2026-06-08 18:18:22,,,,,,,,,,,,,,,,,,,,,,,,,,,,,,,,,,,,
2026-06-08 18:18:23,,,,,,,,,,,,,,,,,,,,,,,,,,,,,,,,,,,,
2026-06-08 18:18:24,,,,,,,,,,,,,,,,,,,,,,,,,,,,,,,,,,,,
2026-06-08 18:18:25,,,,,,,,,,,,,,,,,,,,,,,,,,,,,,,,,,,,
2026-06-08 18:18:26,,,,,,,,,,,,,,,,,,,,,,,,,,,,,,,,,,,,
2026-06-08 18:18:27,,,,,,,,,,,,,,,,,,,,,,,,,,,,,,,,,,,,
2026-06-08 18:18:28,,,,,,,,,,,,,,,,,,,,,,,,,,,,,,,,,,,,
2026-06-08 18:18:29,,,,,,,,,,,,,,,,,,,,,,,,,,,,,,,,,,,,
2026-06-08 18:18:30,,,,,,,,,,,,,,,,,,,,,,,,,,,,,,,,,,,,
2026-06-08 18:18:31,,,,,,,,,,,,,,,,,,,,,,,,,,,,,,,,,,,,
2026-06-08 18:18:32,,,,,,,,,,,,,,,,,,,,,,,,,,,,,,,,,,,,
2026-06-08 18:18:33,,,,,,,,,,,,,,,,,,,,,,,,,,,,,,,,,,,,
2026-06-08 18:18:34,,,,,,,,,,,,,,,,,,,,,,,,,,,,,,,,,,,,
2026-06-08 18:18:35,,,,,,,,,,,,,,,,,,,,,,,,,,,,,,,,,,,,
2026-06-08 18:18:36,,,,,,,,,,,,,,,,,,,,,,,,,,,,,,,,,,,,
2026-06-08 18:18:37,,,,,,,,,,,,,,,,,,,,,,,,,,,,,,,,,,,,
2026-06-08 18:18:38,,,,,,,,,,,,,,,,,,,,,,,,,,,,,,,,,,,,
2026-06-08 18:18:39,,,,,,,,,,,,,,,,,,,,,,,,,,,,,,,,,,,,
2026-06-08 18:18:40,,,,,,,,,,,,,,,,,,,,,,,,,,,,,,,,,,,,
2026-06-08 18:18:41,,,,,,,,,,,,,,,,,,,,,,,,,,,,,,,,,,,,
2026-06-08 18:18:42,,,,,,,,,,,,,,,,,,,,,,,,,,,,,,,,,,,,
2026-06-08 18:18:43,,,,,,,,,,,,,,,,,,,,,,,,,,,,,,,,,,,,
2026-06-08 18:18:44,,,,,,,,,,,,,,,,,,,,,,,,,,,,,,,,,,,,
2026-06-08 18:18:45,,,,,,,,,,,,,,,,,,,,,,,,,,,,,,,,,,,,
2026-06-08 18:18:46,,,,,,,,,,,,,,,,,,,,,,,,,,,,,,,,,,,,
2026-06-08 18:18:47,,,,,,,,,,,,,,,,,,,,,,,,,,,,,,,,,,,,
2026-06-08 18:18:48,,,,,,,,,,,,,,,,,,,,,,,,,,,,,,,,,,,,
2026-06-08 18:18:49,,,,,,,,,,,,,,,,,,,,,,,,,,,,,,,,,,,,
2026-06-08 18:18:50,,,,,,,,,,,,,,,,,,,,,,,,,,,,,,,,,,,,
2026-06-08 18:18:51,,,,,,,,,,,,,,,,,,,,,,,,,,,,,,,,,,,,
2026-06-08 18:18:52,,,,,,,,,,,,,,,,,,,,,,,,,,,,,,,,,,,,
2026-06-08 18:18:53,,,,,,,,,,,,,,,,,,,,,,,,,,,,,,,,,,,,
2026-06-08 18:18:54,,,,,,,,,,,,,,,,,,,,,,,,,,,,,,,,,,,,
2026-06-08 18:18:55,,,,,,,,,,,,,,,,,,,,,,,,,,,,,,,,,,,,
2026-06-08 18:18:56,,,,,,,,,,,,,,,,,,,,,,,,,,,,,,,,,,,,
2026-06-08 18:18:57,,,,,,,,,,,,,,,,,,,,,,,,,,,,,,,,,,,,
2026-06-08 18:18:58,,,,,,,,,,,,,,,,,,,,,,,,,,,,,,,,,,,,
2026-06-08 18:18:59,,,,,,,,,,,,,,,,,,,,,,,,,,,,,,,,,,,,
2026-06-08 18:19:00,,,,,,,,,,,,,,,,,,,,,,,,,,,,,,,,,,,,
2026-06-08 18:19:01,,,,,,,,,,,,,,,,,,,,,,,,,,,,,,,,,,,,
2026-06-08 18:19:02,,,,,,,,,,,,,,,,,,,,,,,,,,,,,,,,,,,,
2026-06-08 18:19:03,,,,,,,,,,,,,,,,,,,,,,,,,,,,,,,,,,,,
2026-06-08 18:19:04,,,,,,,,,,,,,,,,,,,,,,,,,,,,,,,,,,,,
2026-06-08 18:19:05,,,,,,,,,,,,,,,,,,,,,,,,,,,,,,,,,,,,
2026-06-08 18:19:06,,,,,,,,,,,,,,,,,,,,,,,,,,,,,,,,,,,,
2026-06-08 18:19:07,,,,,,,,,,,,,,,,,,,,,,,,,,,,,,,,,,,,
2026-06-08 18:19:08,,,,,,,,,,,,,,,,,,,,,,,,,,,,,,,,,,,,
2026-06-08 18:19:09,,,,,,,,,,,,,,,,,,,,,,,,,,,,,,,,,,,,
2026-06-08 18:19:10,,,,,,,,,,,,,,,,,,,,,,,,,,,,,,,,,,,,
2026-06-08 18:19:11,,,,,,,,,,,,,,,,,,,,,,,,,,,,,,,,,,,,
2026-06-08 18:19:12,,,,,,,,,,,,,,,,,,,,,,,,,,,,,,,,,,,,
2026-06-08 18:19:13,,,,,,,,,,,,,,,,,,,,,,,,,,,,,,,,,,,,
2026-06-08 18:19:14,,,,,,,,,,,,,,,,,,,,,,,,,,,,,,,,,,,,
2026-06-08 18:19:15,,,,,,,,,,,,,,,,,,,,,,,,,,,,,,,,,,,,
2026-06-08 18:19:16,,,,,,,,,,,,,,,,,,,,,,,,,,,,,,,,,,,,
2026-06-08 18:19:17,,,,,,,,,,,,,,,,,,,,,,,,,,,,,,,,,,,,
2026-06-08 18:19:18,,,,,,,,,,,,,,,,,,,,,,,,,,,,,,,,,,,,
2026-06-08 18:19:19,,,,,,,,,,,,,,,,,,,,,,,,,,,,,,,,,,,,
2026-06-08 18:19:20,,,,,,,,,,,,,,,,,,,,,,,,,,,,,,,,,,,,
2026-06-08 18:19:21,,,,,,,,,,,,,,,,,,,,,,,,,,,,,,,,,,,,
2026-06-08 18:19:22,,,,,,,,,,,,,,,,,,,,,,,,,,,,,,,,,,,,
2026-06-08 18:19:23,,,,,,,,,,,,,,,,,,,,,,,,,,,,,,,,,,,,
2026-06-08 18:19:24,,,,,,,,,,,,,,,,,,,,,,,,,,,,,,,,,,,,
2026-06-08 18:19:25,,,,,,,,,,,,,,,,,,,,,,,,,,,,,,,,,,,,
2026-06-08 18:19:26,,,,,,,,,,,,,,,,,,,,,,,,,,,,,,,,,,,,
2026-06-08 18:19:27,,,,,,,,,,,,,,,,,,,,,,,,,,,,,,,,,,,,
2026-06-08 18:19:28,,,,,,,,,,,,,,,,,,,,,,,,,,,,,,,,,,,,
2026-06-08 18:19:29,,,,,,,,,,,,,,,,,,,,,,,,,,,,,,,,,,,,
2026-06-08 18:19:30,,,,,,,,,,,,,,,,,,,,,,,,,,,,,,,,,,,,
2026-06-08 18:19:31,,,,,,,,,,,,,,,,,,,,,,,,,,,,,,,,,,,,
2026-06-08 18:19:32,,,,,,,,,,,,,,,,,,,,,,,,,,,,,,,,,,,,
2026-06-08 18:19:33,,,,,,,,,,,,,,,,,,,,,,,,,,,,,,,,,,,,
2026-06-08 18:19:34,,,,,,,,,,,,,,,,,,,,,,,,,,,,,,,,,,,,
2026-06-08 18:19:35,,,,,,,,,,,,,,,,,,,,,,,,,,,,,,,,,,,,
2026-06-08 18:19:36,,,,,,,,,,,,,,,,,,,,,,,,,,,,,,,,,,,,
2026-06-08 18:19:37,,,,,,,,,,,,,,,,,,,,,,,,,,,,,,,,,,,,
2026-06-08 18:19:38,,,,,,,,,,,,,,,,,,,,,,,,,,,,,,,,,,,,
2026-06-08 18:19:39,,,,,,,,,,,,,,,,,,,,,,,,,,,,,,,,,,,,
2026-06-08 18:19:40,,,,,,,,,,,,,,,,,,,,,,,,,,,,,,,,,,,,
2026-06-08 18:19:41,,,,,,,,,,,,,,,,,,,,,,,,,,,,,,,,,,,,
2026-06-08 18:19:42,,,,,,,,,,,,,,,,,,,,,,,,,,,,,,,,,,,,
2026-06-08 18:19:43,,,,,,,,,,,,,,,,,,,,,,,,,,,,,,,,,,,,
2026-06-08 18:19:44,,,,,,,,,,,,,,,,,,,,,,,,,,,,,,,,,,,,
2026-06-08 18:19:45,,,,,,,,,,,,,,,,,,,,,,,,,,,,,,,,,,,,
2026-06-08 18:19:46,,,,,,,,,,,,,,,,,,,,,,,,,,,,,,,,,,,,
2026-06-08 18:19:47,,,,,,,,,,,,,,,,,,,,,,,,,,,,,,,,,,,,
2026-06-08 18:19:48,,,,,,,,,,,,,,,,,,,,,,,,,,,,,,,,,,,,
2026-06-08 18:19:49,,,,,,,,,,,,,,,,,,,,,,,,,,,,,,,,,,,,
2026-06-08 18:19:50,,,,,,,,,,,,,,,,,,,,,,,,,,,,,,,,,,,,
2026-06-08 18:19:51,,,,,,,,,,,,,,,,,,,,,,,,,,,,,,,,,,,,
2026-06-08 18:19:52,,,,,,,,,,,,,,,,,,,,,,,,,,,,,,,,,,,,
2026-06-08 18:19:53,,,,,,,,,,,,,,,,,,,,,,,,,,,,,,,,,,,,
2026-06-08 18:19:54,,,,,,,,,,,,,,,,,,,,,,,,,,,,,,,,,,,,
2026-06-08 18:19:55,,,,,,,,,,,,,,,,,,,,,,,,,,,,,,,,,,,,
2026-06-08 18:19:56,,,,,,,,,,,,,,,,,,,,,,,,,,,,,,,,,,,,
2026-06-08 18:19:57,,,,,,,,,,,,,,,,,,,,,,,,,,,,,,,,,,,,
2026-06-08 18:19:58,,,,,,,,,,,,,,,,,,,,,,,,,,,,,,,,,,,,
2026-06-08 18:19:59,,,,,,,,,,,,,,,,,,,,,,,,,,,,,,,,,,,,
2026-06-08 18:20:00,,,,,,,,,,,,,,,,,,,,,,,,,,,,,,,,,,,,
2026-06-08 18:20:01,,,,,,,,,,,,,,,,,,,,,,,,,,,,,,,,,,,,
2026-06-08 18:20:02,,,,,,,,,,,,,,,,,,,,,,,,,,,,,,,,,,,,
2026-06-08 18:20:03,,,,,,,,,,,,,,,,,,,,,,,,,,,,,,,,,,,,
2026-06-08 18:20:04,,,,,,,,,,,,,,,,,,,,,,,,,,,,,,,,,,,,
2026-06-08 18:20:05,,,,,,,,,,,,,,,,,,,,,,,,,,,,,,,,,,,,
2026-06-08 18:20:06,,,,,,,,,,,,,,,,,,,,,,,,,,,,,,,,,,,,
2026-06-08 18:20:07,,,,,,,,,,,,,,,,,,,,,,,,,,,,,,,,,,,,
2026-06-08 18:20:08,,,,,,,,,,,,,,,,,,,,,,,,,,,,,,,,,,,,
2026-06-08 18:20:09,,,,,,,,,,,,,,,,,,,,,,,,,,,,,,,,,,,,
2026-06-08 18:20:10,,,,,,,,,,,,,,,,,,,,,,,,,,,,,,,,,,,,
2026-06-08 18:20:11,,,,,,,,,,,,,,,,,,,,,,,,,,,,,,,,,,,,
2026-06-08 18:20:12,,,,,,,,,,,,,,,,,,,,,,,,,,,,,,,,,,,,
2026-06-08 18:20:13,,,,,,,,,,,,,,,,,,,,,,,,,,,,,,,,,,,,
2026-06-08 18:20:14,,,,,,,,,,,,,,,,,,,,,,,,,,,,,,,,,,,,
2026-06-08 18:20:15,,,,,,,,,,,,,,,,,,,,,,,,,,,,,,,,,,,,
2026-06-08 18:20:16,,,,,,,,,,,,,,,,,,,,,,,,,,,,,,,,,,,,
2026-06-08 18:20:17,,,,,,,,,,,,,,,,,,,,,,,,,,,,,,,,,,,,
2026-06-08 18:20:18,,,,,,,,,,,,,,,,,,,,,,,,,,,,,,,,,,,,
2026-06-08 18:20:19,,,,,,,,,,,,,,,,,,,,,,,,,,,,,,,,,,,,
2026-06-08 18:20:20,,,,,,,,,,,,,,,,,,,,,,,,,,,,,,,,,,,,
2026-06-08 18:20:21,,,,,,,,,,,,,,,,,,,,,,,,,,,,,,,,,,,,
2026-06-08 18:20:22,,,,,,,,,,,,,,,,,,,,,,,,,,,,,,,,,,,,
2026-06-08 18:20:23,,,,,,,,,,,,,,,,,,,,,,,,,,,,,,,,,,,,
2026-06-08 18:20:24,,,,,,,,,,,,,,,,,,,,,,,,,,,,,,,,,,,,
2026-06-08 18:20:25,,,,,,,,,,,,,,,,,,,,,,,,,,,,,,,,,,,,
2026-06-08 18:20:26,,,,,,,,,,,,,,,,,,,,,,,,,,,,,,,,,,,,
2026-06-08 18:20:27,,,,,,,,,,,,,,,,,,,,,,,,,,,,,,,,,,,,
2026-06-08 18:20:28,,,,,,,,,,,,,,,,,,,,,,,,,,,,,,,,,,,,
2026-06-08 18:20:29,,,,,,,,,,,,,,,,,,,,,,,,,,,,,,,,,,,,
2026-06-08 18:20:30,,,,,,,,,,,,,,,,,,,,,,,,,,,,,,,,,,,,
2026-06-08 18:20:31,,,,,,,,,,,,,,,,,,,,,,,,,,,,,,,,,,,,
2026-06-08 18:20:32,,,,,,,,,,,,,,,,,,,,,,,,,,,,,,,,,,,,
2026-06-08 18:20:33,,,,,,,,,,,,,,,,,,,,,,,,,,,,,,,,,,,,
2026-06-08 18:20:34,,,,,,,,,,,,,,,,,,,,,,,,,,,,,,,,,,,,
2026-06-08 18:20:35,,,,,,,,,,,,,,,,,,,,,,,,,,,,,,,,,,,,
2026-06-08 18:20:36,,,,,,,,,,,,,,,,,,,,,,,,,,,,,,,,,,,,
2026-06-08 18:20:37,,,,,,,,,,,,,,,,,,,,,,,,,,,,,,,,,,,,
2026-06-08 18:20:38,,,,,,,,,,,,,,,,,,,,,,,,,,,,,,,,,,,,
2026-06-08 18:20:39,,,,,,,,,,,,,,,,,,,,,,,,,,,,,,,,,,,,
2026-06-08 18:20:40,,,,,,,,,,,,,,,,,,,,,,,,,,,,,,,,,,,,
2026-06-08 18:20:41,,,,,,,,,,,,,,,,,,,,,,,,,,,,,,,,,,,,
2026-06-08 18:20:42,,,,,,,,,,,,,,,,,,,,,,,,,,,,,,,,,,,,
2026-06-08 18:20:43,,,,,,,,,,,,,,,,,,,,,,,,,,,,,,,,,,,,
2026-06-08 18:20:44,,,,,,,,,,,,,,,,,,,,,,,,,,,,,,,,,,,,
2026-06-08 18:20:45,0,0,0,0,0,0,0,0,0,0,0,0,0,0,0,0,46372727,5734,0,0,0,0,0,0,0,0,0,0,0,0,0,0,0,0,318942,0
2026-06-08 18:20:46,0,0,0,0,0,0,0,0,0,0,0,0,0,0,0,0,35382648,2416,0,0,0,0,0,0,0,0,0,0,0,0,0,0,0,0,318752,0
2026-06-08 18:20:47,0,0,0,0,0,0,0,0,0,0,0,0,0,0,0,0,27793326,1025,0,0,0,0,0,0,0,0,0,0,0,0,0,0,0,0,318189,0
2026-06-08 18:20:48,0,0,0,0,0,0,0,0,0,0,0,0,0,0,0,0,22441049,442,0,0,0,0,0,0,0,0,0,0,0,0,0,0,0,0,317271,0
2026-06-08 18:20:49,0,0,0,0,0,0,0,0,0,0,0,0,0,0,0,0,18596369,194,0,0,0,0,0,0,0,0,0,0,0,0,0,0,0,0,316011,0
2026-06-08 18:20:50,0,0,0,0,0,0,0,0,0,0,0,0,0,0,0,0,15791577,88,0,0,0,0,0,0,0,0,0,0,0,0,0,0,0,0,314426,0
2026-06-08 18:20:51,0,0,0,0,0,0,0,0,0,0,0,0,0,0,0,0,13720347,41,0,0,0,0,0,0,0,0,0,0,0,0,0,0,0,0,312536,0
2026-06-08 18:20:52,0,0,0,0,0,0,0,0,0,0,0,0,0,0,0,0,12178027,20,0,0,0,0,0,0,0,0,0,0,0,0,0,0,0,0,310356,0
2026-06-08 18:20:53,0,0,0,0,0,0,0,0,0,0,0,0,0,0,0,0,11025312,10,0,0,0,0,0,0,0,0,0,0,0,0,0,0,0,0,307907,0
2026-06-08 18:20:54,0,0,0,0,0,0,0,0,0,0,0,0,0,0,0,0,10165692,5,0,0,0,0,0,0,0,0,0,0,0,0,0,0,0,0,305207,0
2026-06-08 18:20:55,0,0,0,0,0,0,0,0,0,0,0,0,0,0,0,0,9531145,3,0,0,0,0,0,0,0,0,0,0,0,0,0,0,0,0,302275,0
2026-06-08 18:20:56,0,0,0,0,0,0,0,0,0,0,0,0,0,0,0,0,9072880,1,0,0,0,0,0,0,0,0,0,0,0,0,0,0,0,0,299131,0
2026-06-08 18:20:57,0,0,0,0,0,0,0,0,0,0,0,0,0,0,0,0,8755223,1,0,0,0,0,0,0,0,0,0,0,0,0,0,0,0,0,295793,0
2026-06-08 18:20:58,0,0,0,0,0,0,0,0,0,0,0,0,0,0,0,0,8551476,0,0,0,0,0,0,0,0,0,0,0,0,0,0,0,0,0,292281,0
2026-06-08 18:20:59,0,0,0,0,0,0,0,0,0,0,0,0,0,0,0,0,8441057,0,0,0,0,0,0,0,0,0,0,0,0,0,0,0,0,0,288614,0
2026-06-08 18:21:00,0,0,0,0,0,0,0,0,0,0,0,0,0,0,0,0,8407450,0,0,0,0,0,0,0,0,0,0,0,0,0,0,0,0,0,284809,0
2026-06-08 18:21:01,0,0,0,0,0,0,0,0,0,0,0,0,0,0,0,0,8784498,0,0,0,0,0,0,0,0,0,0,0,0,0,0,0,0,0,278203,0
2026-06-08 18:21:02,0,0,0,0,0,0,0,0,0,0,0,0,0,0,0,0,9938715,0,0,0,0,0,0,0,0,0,0,0,0,0,0,0,0,0,266906,0
2026-06-08 18:21:03,0,0,0,0,0,0,0,0,0,0,0,0,0,0,0,0,12027827,0,0,0,0,0,0,0,0,0,0,0,0,0,0,0,0,0,252183,0
2026-06-08 18:21:04,0,0,0,0,0,0,0,0,0,0,0,0,0,0,0,0,15380508,0,0,0,0,0,0,0,0,0,0,0,0,0,0,0,0,0,235288,0
2026-06-08 18:21:05,0,0,0,0,0,0,0,0,0,0,0,0,0,0,0,0,20528809,0,0,0,0,0,0,0,0,0,0,0,0,0,0,0,0,0,217362,0
2026-06-08 18:21:06,0,0,0,0,0,0,0,0,0,0,0,0,0,0,0,0,28252013,0,0,0,0,0,0,0,0,0,0,0,0,0,0,0,0,0,199358,0
2026-06-08 18:21:07,0,0,0,0,0,0,0,0,0,0,0,0,0,0,0,0,39601401,0,0,0,0,0,0,0,0,0,0,0,0,0,0,0,0,0,182021,0
2026-06-08 18:21:08,0,0,0,0,0,0,0,0,0,0,0,0,0,0,0,0,55850907,0,0,0,0,0,0,0,0,0,0,0,0,0,0,0,0,0,165888,0
2026-06-08 18:21:09,0,0,0,0,0,0,0,0,0,0,0,0,0,0,0,0,78287313,0,0,0,0,0,0,0,0,0,0,0,0,0,0,0,0,0,151316,0
2026-06-08 18:21:10,0,0,0,0,0,0,0,0,0,0,0,0,0,0,0,0,107740011,0,0,0,0,0,0,0,0,0,0,0,0,0,0,0,0,0,138516,0
2026-06-08 18:21:11,0,0,0,0,0,0,0,0,0,0,0,0,0,0,0,0,143803711,0,0,0,0,0,0,0,0,0,0,0,0,0,0,0,0,0,127595,0
2026-06-08 18:21:12,0,0,0,0,0,0,0,0,0,0,0,0,0,0,0,0,183888087,0,0,0,0,0,0,0,0,0,0,0,0,0,0,0,0,0,118590,0
2026-06-08 18:21:13,0,0,0,0,0,0,0,0,0,0,0,0,0,0,0,0,222541240,0,0,0,0,0,0,0,0,0,0,0,0,0,0,0,0,0,111511,0
2026-06-08 18:21:14,0,0,0,0,0,0,0,0,0,0,0,0,0,0,0,0,251781489,0,0,0,0,0,0,0,0,0,0,0,0,0,0,0,0,0,106368,0
2026-06-08 18:21:15,0,0,0,0,0,0,0,0,0,0,0,0,0,0,0,0,263073108,0,0,0,0,0,0,0,0,0,0,0,0,0,0,0,0,0,103205,0
2026-06-08 18:21:16,0,0,0,0,0,0,0,0,0,0,0,0,0,0,0,0,262283771,0,0,0,0,0,0,0,0,0,0,0,0,0,0,0,0,0,101116,0
2026-06-08 18:21:17,0,0,0,0,0,0,0,0,0,0,0,0,0,0,0,0,260055357,0,0,0,0,0,0,0,0,0,0,0,0,0,0,0,0,0,99142,0
2026-06-08 18:21:18,0,0,0,0,0,0,0,0,0,0,0,0,0,0,0,0,256610168,0,0,0,0,0,0,0,0,0,0,0,0,0,0,0,0,0,97287,0
2026-06-08 18:21:19,0,0,0,0,0,0,0,0,0,0,0,0,0,0,0,0,252179531,0,0,0,0,0,0,0,0,0,0,0,0,0,0,0,0,0,95556,0
2026-06-08 18:21:20,0,0,0,0,0,0,0,0,0,0,0,0,0,0,0,0,246994889,0,0,0,0,0,0,0,0,0,0,0,0,0,0,0,0,0,93953,0
2026-06-08 18:21:21,0,0,0,0,0,0,0,0,0,0,0,0,0,0,0,0,241280658,0,0,0,0,0,0,0,0,0,0,0,0,0,0,0,0,0,92482,0
2026-06-08 18:21:22,0,0,0,0,0,0,0,0,0,0,0,0,0,0,0,0,235248956,0,0,0,0,0,0,0,0,0,0,0,0,0,0,0,0,0,91146,0
2026-06-08 18:21:23,0,0,0,0,0,0,0,0,0,0,0,0,0,0,0,0,229096156,0,0,0,0,0,0,0,0,0,0,0,0,0,0,0,0,0,89949,0
2026-06-08 18:21:24,0,0,0,0,0,0,0,0,0,0,0,0,0,0,0,0,223001122,0,0,0,0,0,0,0,0,0,0,0,0,0,0,0,0,0,88896,0
2026-06-08 18:21:25,0,0,0,0,0,0,0,0,0,0,0,0,0,0,0,0,217124927,0,0,0,0,0,0,0,0,0,0,0,0,0,0,0,0,0,87990,0
2026-06-08 18:21:26,0,0,0,0,0,0,0,0,0,0,0,0,0,0,0,0,211611840,0,0,0,0,0,0,0,0,0,0,0,0,0,0,0,0,0,87236,0
2026-06-08 18:21:27,0,0,0,0,0,0,0,0,0,0,0,0,0,0,0,0,206591347,0,0,0,0,0,0,0,0,0,0,0,0,0,0,0,0,0,86639,0
2026-06-08 18:21:28,0,0,0,0,0,0,0,0,0,0,0,0,0,0,0,0,202181039,0,0,0,0,0,0,0,0,0,0,0,0,0,0,0,0,0,86205,0
2026-06-08 18:21:29,0,0,0,0,0,0,0,0,0,0,0,0,0,0,0,0,198490213,0,0,0,0,0,0,0,0,0,0,0,0,0,0,0,0,0,85938,0
2026-06-08 18:21:30,0,0,0,0,0,0,0,0,0,0,0,0,0,0,0,0,195624118,0,0,0,0,0,0,0,0,0,0,0,0,0,0,0,0,0,85848,0
2026-06-08 18:21:31,0,0,0,0,0,0,0,0,0,0,0,0,0,0,0,0,193195917,0,0,0,0,0,0,0,0,0,0,0,0,0,0,0,0,0,86206,0
2026-06-08 18:21:32,0,0,0,0,0,0,0,0,0,0,0,0,0,0,0,0,190768808,0,0,0,0,0,0,0,0,0,0,0,0,0,0,0,0,0,87223,0
2026-06-08 18:21:33,0,0,0,0,0,0,0,0,0,0,0,0,0,0,0,0,188371808,0,0,0,0,0,0,0,0,0,0,0,0,0,0,0,0,0,88817,0
2026-06-08 18:21:34,0,0,0,0,0,0,0,0,0,0,0,0,0,0,0,0,186032497,0,0,0,0,0,0,0,0,0,0,0,0,0,0,0,0,0,90915,0
2026-06-08 18:21:35,0,0,0,0,0,0,0,0,0,0,0,0,0,0,0,0,183777075,0,0,0,0,0,0,0,0,0,0,0,0,0,0,0,0,0,93442,0
2026-06-08 18:21:36,0,0,0,0,0,0,0,0,0,0,0,0,0,0,0,0,181630474,0,0,0,0,0,0,0,0,0,0,0,0,0,0,0,0,0,96319,0
2026-06-08 18:21:37,0,0,0,0,0,0,0,0,0,0,0,0,0,0,0,0,179616488,0,0,0,0,0,0,0,0,0,0,0,0,0,0,0,0,0,99458,0
2026-06-08 18:21:38,0,0,0,0,0,0,0,0,0,0,0,0,0,0,0,0,177757953,0,0,0,0,0,0,0,0,0,0,0,0,0,0,0,0,0,102758,0
2026-06-08 18:21:39,0,0,0,0,0,0,0,0,0,0,0,0,0,0,0,0,176076939,0,0,0,0,0,0,0,0,0,0,0,0,0,0,0,0,0,106107,0
2026-06-08 18:21:40,0,0,0,0,0,0,0,0,0,0,0,0,0,0,0,0,174594984,0,0,0,0,0,0,0,0,0,0,0,0,0,0,0,0,0,109374,0
2026-06-08 18:21:41,0,0,0,0,0,0,0,0,0,0,0,0,0,0,0,0,173333353,0,0,0,0,0,0,0,0,0,0,0,0,0,0,0,0,0,112414,0
2026-06-08 18:21:42,0,0,0,0,0,0,0,0,0,0,0,0,0,0,0,0,172313322,0,0,0,0,0,0,0,0,0,0,0,0,0,0,0,0,0,115069,0
2026-06-08 18:21:43,0,0,0,0,0,0,0,0,0,0,0,0,0,0,0,0,171556491,0,0,0,0,0,0,0,0,0,0,0,0,0,0,0,0,0,117173,0
2026-06-08 18:21:44,0,0,0,0,0,0,0,0,0,0,0,0,0,0,0,0,171085140,0,0,0,0,0,0,0,0,0,0,0,0,0,0,0,0,0,118554,0
2026-06-08 18:21:45,0,0,0,0,0,0,0,0,0,0,0,0,0,0,0,0,170922604,0,0,0,0,0,0,0,0,0,0,0,0,0,0,0,0,0,119049,0
2026-06-08 18:21:46,0,0,0,0,0,0,0,0,0,0,0,0,0,0,0,0,171415859,0,0,0,0,0,0,0,0,0,0,0,0,0,0,0,0,0,118962,0
2026-06-08 18:21:47,0,0,0,0,0,0,0,0,0,0,0,0,0,0,0,0,172811508,0,0,0,0,0,0,0,0,0,0,0,0,0,0,0,0,0,118719,0
2026-06-08 18:21:48,0,0,0,0,0,0,0,0,0,0,0,0,0,0,0,0,174990804,0,0,0,0,0,0,0,0,0,0,0,0,0,0,0,0,0,118343,0
2026-06-08 18:21:49,0,0,0,0,0,0,0,0,0,0,0,0,0,0,0,0,177839998,0,0,0,0,0,0,0,0,0,0,0,0,0,0,0,0,0,117861,0
2026-06-08 18:21:50,0,0,0,0,0,0,0,0,0,0,0,0,0,0,0,0,181245009,0,0,0,0,0,0,0,0,0,0,0,0,0,0,0,0,0,117297,0
2026-06-08 18:21:51,0,0,0,0,0,0,0,0,0,0,0,0,0,0,0,0,185086953,0,0,0,0,0,0,0,0,0,0,0,0,0,0,0,0,0,116676,0
2026-06-08 18:21:52,0,0,0,0,0,0,0,0,0,0,0,0,0,0,0,0,189238475,0,0,0,0,0,0,0,0,0,0,0,0,0,0,0,0,0,116024,0
2026-06-08 18:21:53,0,0,0,0,0,0,0,0,0,0,0,0,0,0,0,0,193560930,0,0,0,0,0,0,0,0,0,0,0,0,0,0,0,0,0,115363,0
2026-06-08 18:21:54,0,0,0,0,0,0,0,0,0,0,0,0,0,0,0,0,197902524,0,0,0,0,0,0,0,0,0,0,0,0,0,0,0,0,0,114717,0
2026-06-08 18:21:55,0,0,0,0,0,0,0,0,0,0,0,0,0,0,0,0,202097567,0,0,0,0,0,0,0,0,0,0,0,0,0,0,0,0,0,114111,0
2026-06-08 18:21:56,0,0,0,0,0,0,0,0,0,0,0,0,0,0,0,0,205967025,0,0,0,0,0,0,0,0,0,0,0,0,0,0,0,0,0,113565,0
2026-06-08 18:21:57,0,0,0,0,0,0,0,0,0,0,0,0,0,0,0,0,209320572,0,0,0,0,0,0,0,0,0,0,0,0,0,0,0,0,0,113102,0
2026-06-08 18:21:58,0,0,0,0,0,0,0,0,0,0,0,0,0,0,0,0,211960277,0,0,0,0,0,0,0,0,0,0,0,0,0,0,0,0,0,112744,0
2026-06-08 18:21:59,0,0,0,0,0,0,0,0,0,0,0,0,0,0,0,0,213686034,0,0,0,0,0,0,0,0,0,0,0,0,0,0,0,0,0,112513,0
2026-06-08 18:22:00,0,0,0,0,0,0,0,0,0,0,0,0,0,0,0,0,214302698,0,0,0,0,0,0,0,0,0,0,0,0,0,0,0,0,0,112431,0
2026-06-08 18:22:01,0,0,0,0,0,0,0,0,0,0,0,0,0,0,0,0,209356909,0,0,0,0,0,0,0,0,0,0,0,0,0,0,0,0,0,114664,0
2026-06-08 18:22:02,0,0,0,0,0,0,0,0,0,0,0,0,0,0,0,0,195807731,0,0,0,0,0,0,0,0,0,0,0,0,0,0,0,0,0,121187,0
2026-06-08 18:22:03,0,0,0,0,0,0,0,0,0,0,0,0,0,0,0,0,176157277,1,0,0,0,0,0,0,0,0,0,0,0,0,0,0,0,0,132005,0
2026-06-08 18:22:04,0,0,0,0,0,0,0,0,0,0,0,0,0,0,0,0,153159840,3,0,0,0,0,0,0,0,0,0,0,0,0,0,0,0,0,147385,0
2026-06-08 18:22:05,0,0,0,0,0,0,0,0,0,0,0,0,0,0,0,0,129302856,7,0,0,0,0,0,0,0,0,0,0,0,0,0,0,0,0,167746,0
2026-06-08 18:22:06,0,0,0,0,0,0,0,0,0,0,0,0,0,0,0,0,106496558,16,0,0,0,0,0,0,0,0,0,0,0,0,0,0,0,0,193558,0
2026-06-08 18:22:07,0,0,0,0,0,0,0,0,0,0,0,0,0,0,0,0,85975083,37,0,0,0,0,0,0,0,0,0,0,0,0,0,0,0,0,225188,0
2026-06-08 18:22:08,0,0,0,0,0,0,0,0,0,0,0,0,0,0,0,0,68354098,85,0,0,0,0,0,0,0,0,0,0,0,0,0,0,0,0,262706,0
2026-06-08 18:22:09,0,0,0,0,0,0,0,0,0,0,0,0,0,0,0,0,53772072,190,0,0,0,0,0,0,0,0,0,0,0,0,0,0,0,0,305635,0
2026-06-08 18:22:10,0,0,0,0,0,0,0,0,0,0,0,0,0,0,0,0,42052768,403,0,0,0,0,0,0,0,0,0,0,0,0,0,0,0,0,352665,0
2026-06-08 18:22:11,0,0,0,0,0,0,0,0,0,0,0,0,0,0,0,0,32849091,796,0,0,0,0,0,0,0,0,0,0,0,0,0,0,0,0,401387,0
2026-06-08 18:22:12,0,0,0,0,0,0,0,0,0,0,0,0,0,0,0,0,25750662,1421,0,0,0,0,0,0,0,0,0,0,0,0,0,0,0,0,448150,0
2026-06-08 18:22:13,0,0,0,0,0,0,0,0,0,0,0,0,0,0,0,0,20353310,2227,0,0,0,0,0,0,0,0,0,0,0,0,0,0,0,0,488157,0
2026-06-08 18:22:14,0,0,0,0,0,0,0,0,0,0,0,0,0,0,0,0,16297038,2978,0,0,0,0,0,0,0,0,0,0,0,0,0,0,0,0,515928,0
2026-06-08 18:22:15,0,0,0,0,0,0,0,0,0,0,0,0,0,0,0,0,13281729,3302,0,0,0,0,0,0,0,0,0,0,0,0,0,0,0,0,526173,0
2026-06-08 18:22:16,0,0,0,0,0,0,0,0,0,0,0,0,0,0,0,0,10786203,3286,0,0,0,0,0,0,0,0,0,0,0,0,0,0,0,0,523911,0
2026-06-08 18:22:17,0,0,0,0,0,0,0,0,0,0,0,0,0,0,0,0,8551286,3241,0,0,0,0,0,0,0,0,0,0,0,0,0,0,0,0,517461,0
2026-06-08 18:22:18,0,0,0,0,0,0,0,0,0,0,0,0,0,0,0,0,6656040,3168,0,0,0,0,0,0,0,0,0,0,0,0,0,0,0,0,507386,0
2026-06-08 18:22:19,0,0,0,0,0,0,0,0,0,0,0,0,0,0,0,0,5115581,3070,0,0,0,0,0,0,0,0,0,0,0,0,0,0,0,0,494301,0
2026-06-08 18:22:20,0,0,0,0,0,0,0,0,0,0,0,0,0,0,0,0,3904284,2951,0,0,0,0,0,0,0,0,0,0,0,0,0,0,0,0,478836,0
2026-06-08 18:22:21,0,0,0,0,0,0,0,0,0,0,0,0,0,0,0,0,2975967,2815,0,0,0,0,0,0,0,0,0,0,0,0,0,0,0,0,461609,0
2026-06-08 18:22:22,0,0,0,0,0,0,0,0,0,0,0,0,0,0,0,0,2278389,2664,0,0,0,0,0,0,0,0,0,0,0,0,0,0,0,0,443204,0
2026-06-08 18:22:23,0,0,0,0,0,0,0,0,0,0,0,0,0,0,0,0,1762032,2504,0,0,0,0,0,0,0,0,0,0,0,0,0,0,0,0,424158,0
2026-06-08 18:22:24,0,0,0,0,0,0,0,0,0,0,0,0,0,0,0,0,1384390,2338,0,0,0,0,0,0,0,0,0,0,0,0,0,0,0,0,404943,0
2026-06-08 18:22:25,0,0,0,0,0,0,0,0,0,0,0,0,0,0,0,0,1111308,2168,0,0,0,0,0,0,0,0,0,0,0,0,0,0,0,0,385970,0
2026-06-08 18:22:26,0,0,0,0,0,0,0,0,0,0,0,0,0,0,0,0,916675,1998,0,0,0,0,0,0,0,0,0,0,0,0,0,0,0,0,367585,0
2026-06-08 18:22:27,0,0,0,0,0,0,0,0,0,0,0,0,0,0,0,0,781401,1831,0,0,0,0,0,0,0,0,0,0,0,0,0,0,0,0,350071,0
2026-06-08 18:22:28,0,0,0,0,0,0,0,0,0,0,0,0,0,0,0,0,692281,1669,0,0,0,0,0,0,0,0,0,0,0,0,0,0,0,0,333656,0
2026-06-08 18:22:29,0,0,0,0,0,0,0,0,0,0,0,0,0,0,0,0,641083,1514,0,0,0,0,0,0,0,0,0,0,0,0,0,0,0,0,318520,0
2026-06-08 18:22:30,0,0,0,0,0,0,0,0,0,0,0,0,0,0,0,0,624082,1366,0,0,0,0,0,0,0,0,0,0,0,0,0,0,0,0,304803,0
2026-06-08 18:22:31,0,0,0,0,0,0,0,0,0,0,0,0,0,0,0,0,655043,1137,0,0,0,0,0,0,0,0,0,0,0,0,0,0,0,0,290853,0
2026-06-08 18:22:32,0,0,0,0,0,0,0,0,0,0,0,0,0,0,0,0,751373,821,0,0,0,0,0,0,0,0,0,0,0,0,0,0,0,0,275458,0
2026-06-08 18:22:33,0,0,0,0,0,0,0,0,0,0,0,0,0,0,0,0,930577,527,0,0,0,0,0,0,0,0,0,0,0,0,0,0,0,0,259333,0
2026-06-08 18:22:34,0,0,0,0,0,0,0,0,0,0,0,0,0,0,0,0,1229458,306,0,0,0,0,0,0,0,0,0,0,0,0,0,0,0,0,243093,0
2026-06-08 18:22:35,0,0,0,0,0,0,0,0,0,0,0,0,0,0,0,0,1711955,166,0,0,0,0,0,0,0,0,0,0,0,0,0,0,0,0,227244,0
2026-06-08 18:22:36,0,0,0,0,0,0,0,0,0,0,0,0,0,0,0,0,2482227,85,0,0,0,0,0,0,0,0,0,0,0,0,0,0,0,0,212184,0
2026-06-08 18:22:37,0,0,0,0,0,0,0,0,0,0,0,0,0,0,0,0,3702664,42,0,0,0,0,0,0,0,0,0,0,0,0,0,0,0,0,198210,0
2026-06-08 18:22:38,0,0,0,0,0,0,0,0,0,0,0,0,0,0,0,0,5613889,20,0,0,0,0,0,0,0,0,0,0,0,0,0,0,0,0,185533,0
2026-06-08 18:22:39,0,0,0,0,0,0,0,0,0,0,0,0,0,0,0,0,8547584,10,0,0,0,0,0,0,0,0,0,0,0,0,0,0,0,0,174300,0
2026-06-08 18:22:40,0,0,0,0,0,0,0,0,0,0,0,0,0,0,0,0,12912373,5,0,0,0,0,0,0,0,0,0,0,0,0,0,0,0,0,164606,0
2026-06-08 18:22:41,0,0,0,0,0,0,0,0,0,0,0,0,0,0,0,0,19120753,2,0,0,0,0,0,0,0,0,0,0,0,0,0,0,0,0,156515,0
2026-06-08 18:22:42,0,0,0,0,0,0,0,0,0,0,0,0,0,0,0,0,27421636,1,0,0,0,0,0,0,0,0,0,0,0,0,0,0,0,0,150081,0
2026-06-08 18:22:43,0,0,0,0,0,0,0,0,0,0,0,0,0,0,0,0,37629140,0,0,0,0,0,0,0,0,0,0,0,0,0,0,0,0,0,145361,0
2026-06-08 18:22:44,0,0,0,0,0,0,0,0,0,0,0,0,0,0,0,0,48814737,0,0,0,0,0,0,0,0,0,0,0,0,0,0,0,0,0,142433,0
2026-06-08 18:22:45,0,0,0,0,0,0,0,0,0,0,0,0,0,0,0,0,59146153,0,0,0,0,0,0,0,0,0,0,0,0,0,0,0,0,0,141420,0
2026-06-08 18:22:46,0,0,0,0,0,0,0,0,0,0,0,0,0,0,0,0,68971235,0,0,0,0,0,0,0,0,0,0,0,0,0,0,0,0,0,141864,0
2026-06-08 18:22:47,0,0,0,0,0,0,0,0,0,0,0,0,0,0,0,0,80331753,0,0,0,0,0,0,0,0,0,0,0,0,0,0,0,0,0,143127,0
2026-06-08 18:22:48,0,0,0,0,0,0,0,0,0,0,0,0,0,0,0,0,93321010,0,0,0,0,0,0,0,0,0,0,0,0,0,0,0,0,0,145117,0
2026-06-08 18:22:49,0,0,0,0,0,0,0,0,0,0,0,0,0,0,0,0,107979118,0,0,0,0,0,0,0,0,0,0,0,0,0,0,0,0,0,147745,0
2026-06-08 18:22:50,0,0,0,0,0,0,0,0,0,0,0,0,0,0,0,0,124269195,0,0,0,0,0,0,0,0,0,0,0,0,0,0,0,0,0,150927,0
2026-06-08 18:22:51,0,0,0,0,0,0,0,0,0,0,0,0,0,0,0,0,142051482,0,0,0,0,0,0,0,0,0,0,0,0,0,0,0,0,0,154572,0
2026-06-08 18:22:52,0,0,0,0,0,0,0,0,0,0,0,0,0,0,0,0,161057828,0,0,0,0,0,0,0,0,0,0,0,0,0,0,0,0,0,158584,0
2026-06-08 18:22:53,0,0,0,0,0,0,0,0,0,0,0,0,0,0,0,0,180870150,0,0,0,0,0,0,0,0,0,0,0,0,0,0,0,0,0,162859,0
2026-06-08 18:22:54,0,0,0,0,0,0,0,0,0,0,0,0,0,0,0,0,200907506,0,0,0,0,0,0,0,0,0,0,0,0,0,0,0,0,0,167278,0
2026-06-08 18:22:55,0,0,0,0,0,0,0,0,0,0,0,0,0,0,0,0,220427025,0,0,0,0,0,0,0,0,0,0,0,0,0,0,0,0,0,171712,0
2026-06-08 18:22:56,0,0,0,0,0,0,0,0,0,0,0,0,0,0,0,0,238543800,0,0,0,0,0,0,0,0,0,0,0,0,0,0,0,0,0,176014,0
2026-06-08 18:22:57,0,0,0,0,0,0,0,0,0,0,0,0,0,0,0,0,254273592,0,0,0,0,0,0,0,0,0,0,0,0,0,0,0,0,0,180027,0
2026-06-08 18:22:58,0,0,0,0,0,0,0,0,0,0,0,0,0,0,0,0,266599557,0,0,0,0,0,0,0,0,0,0,0,0,0,0,0,0,0,183580,0
2026-06-08 18:22:59,0,0,0,0,0,0,0,0,0,0,0,0,0,0,0,0,274560359,0,0,0,0,0,0,0,0,0,0,0,0,0,0,0,0,0,186494,0
2026-06-08 18:23:00,0,0,0,0,0,0,0,0,0,0,0,0,0,0,0,0,277352256,0,0,0,0,0,0,0,0,0,0,0,0,0,0,0,0,0,188588,0
2026-06-08 18:23:01,0,0,0,0,0,0,0,0,0,0,0,0,0,0,0,0,268905051,0,0,0,0,0,0,0,0,0,0,0,0,0,0,0,0,0,190100,0
2026-06-08 18:23:02,0,0,0,0,0,0,0,0,0,0,0,0,0,0,0,0,246196252,0,0,0,0,0,0,0,0,0,0,0,0,0,0,0,0,0,191408,0
2026-06-08 18:23:03,0,0,0,0,0,0,0,0,0,0,0,0,0,0,0,0,214313826,0,0,0,0,0,0,0,0,0,0,0,0,0,0,0,0,0,192544,0
2026-06-08 18:23:04,0,0,0,0,0,0,0,0,0,0,0,0,0,0,0,0,178597869,0,0,0,0,0,0,0,0,0,0,0,0,0,0,0,0,0,193538,0
2026-06-08 18:23:05,0,0,0,0,0,0,0,0,0,0,0,0,0,0,0,0,143459973,0,0,0,0,0,0,0,0,0,0,0,0,0,0,0,0,0,194424,0
2026-06-08 18:23:06,0,0,0,0,0,0,0,0,0,0,0,0,0,0,0,0,111836781,0,0,0,0,0,0,0,0,0,0,0,0,0,0,0,0,0,195233,0
2026-06-08 18:23:07,0,0,0,0,0,0,0,0,0,0,0,0,0,0,0,0,85194013,0,0,0,0,0,0,0,0,0,0,0,0,0,0,0,0,0,196001,0
2026-06-08 18:23:08,0,0,0,0,0,0,0,0,0,0,0,0,0,0,0,0,63852080,0,0,0,0,0,0,0,0,0,0,0,0,0,0,0,0,0,196763,0
2026-06-08 18:23:09,0,0,0,0,0,0,0,0,0,0,0,0,0,0,0,0,47408218,0,0,0,0,0,0,0,0,0,0,0,0,0,0,0,0,0,197552,0
2026-06-08 18:23:10,0,0,0,0,0,0,0,0,0,0,0,0,0,0,0,0,35108792,0,0,0,0,0,0,0,0,0,0,0,0,0,0,0,0,0,198406,0
2026-06-08 18:23:11,0,0,0,0,0,0,0,0,0,0,0,0,0,0,0,0,26111563,0,0,0,0,0,0,0,0,0,0,0,0,0,0,0,0,0,199361,0
2026-06-08 18:23:12,0,0,0,0,0,0,0,0,0,0,0,0,0,0,0,0,19637022,0,0,0,0,0,0,0,0,0,0,0,0,0,0,0,0,0,200454,0
2026-06-08 18:23:13,0,0,0,0,0,0,0,0,0,0,0,0,0,0,0,0,15035408,0,0,0,0,0,0,0,0,0,0,0,0,0,0,0,0,0,201723,0
2026-06-08 18:23:14,0,0,0,0,0,0,0,0,0,0,0,0,0,0,0,0,11801106,0,0,0,0,0,0,0,0,0,0,0,0,0,0,0,0,0,203208,0
2026-06-08 18:23:15,0,0,0,0,0,0,0,0,0,0,0,0,0,0,0,0,9560248,0,0,0,0,0,0,0,0,0,0,0,0,0,0,0,0,0,204950,0
2026-06-08 18:23:16,0,0,0,0,0,0,0,0,0,0,0,0,0,0,0,0,7828321,0,0,0,0,0,0,0,0,0,0,0,0,0,0,0,0,0,207665,0
2026-06-08 18:23:17,0,0,0,0,0,0,0,0,0,0,0,0,0,0,0,0,6332419,0,0,0,0,0,0,0,0,0,0,0,0,0,0,0,0,0,211920,0
2026-06-08 18:23:18,0,0,0,0,0,0,0,0,0,0,0,0,0,0,0,0,5079776,0,0,0,0,0,0,0,0,0,0,0,0,0,0,0,0,0,217550,0
2026-06-08 18:23:19,0,0,0,0,0,0,0,0,0,0,0,0,0,0,0,0,4056636,0,0,0,0,0,0,0,0,0,0,0,0,0,0,0,0,0,224391,0
2026-06-08 18:23:20,0,0,0,0,0,0,0,0,0,0,0,0,0,0,0,0,3237476,0,0,0,0,0,0,0,0,0,0,0,0,0,0,0,0,0,232272,0
2026-06-08 18:23:21,0,0,0,0,0,0,0,0,0,0,0,0,0,0,0,0,2592022,0,0,0,0,0,0,0,0,0,0,0,0,0,0,0,0,0,240998,0
2026-06-08 18:23:22,0,0,0,0,0,0,0,0,0,0,0,0,0,0,0,0,2089945,0,0,0,0,0,0,0,0,0,0,0,0,0,0,0,0,0,250345,0
2026-06-08 18:23:23,0,0,0,0,0,0,0,0,0,0,0,0,0,0,0,0,1703601,0,0,0,0,0,0,0,0,0,0,0,0,0,0,0,0,0,260051,0
2026-06-08 18:23:24,0,0,0,0,0,0,0,0,0,0,0,0,0,0,0,0,1409321,0,0,0,0,0,0,0,0,0,0,0,0,0,0,0,0,0,269806,0
2026-06-08 18:23:25,0,0,0,0,0,0,0,0,0,0,0,0,0,0,0,0,1187773,0,0,0,0,0,0,0,0,0,0,0,0,0,0,0,0,0,279256,0
2026-06-08 18:23:26,0,0,0,0,0,0,0,0,0,0,0,0,0,0,0,0,1023792,0,0,0,0,0,0,0,0,0,0,0,0,0,0,0,0,0,288002,0
2026-06-08 18:23:27,0,0,0,0,0,0,0,0,0,0,0,0,0,0,0,0,905975,0,0,0,0,0,0,0,0,0,0,0,0,0,0,0,0,0,295605,0
2026-06-08 18:23:28,0,0,0,0,0,0,0,0,0,0,0,0,0,0,0,0,826267,0,0,0,0,0,0,0,0,0,0,0,0,0,0,0,0,0,301603,0
2026-06-08 18:23:29,0,0,0,0,0,0,0,0,0,0,0,0,0,0,0,0,779644,0,0,0,0,0,0,0,0,0,0,0,0,0,0,0,0,0,305527,0
2026-06-08 18:23:30,0,0,0,0,0,0,0,0,0,0,0,0,0,0,0,0,764041,0,0,0,0,0,0,0,0,0,0,0,0,0,0,0,0,0,306927,0
2026-06-08 18:23:31,0,0,0,0,0,0,0,0,0,0,0,0,0,0,0,0,802954,0,0,0,0,0,0,0,0,0,0,0,0,0,0,0,0,0,303847,0
2026-06-08 18:23:32,0,0,0,0,0,0,0,0,0,0,0,0,0,0,0,0,924181,0,0,0,0,0,0,0,0,0,0,0,0,0,0,0,0,0,295346,0
2026-06-08 18:23:33,0,0,0,0,0,0,0,0,0,0,0,0,0,0,0,0,1150357,0,0,0,0,0,0,0,0,0,0,0,0,0,0,0,0,0,282674,0
2026-06-08 18:23:34,0,0,0,0,0,0,0,0,0,0,0,0,0,0,0,0,1529096,0,0,0,0,0,0,0,0,0,0,0,0,0,0,0,0,0,267140,0
2026-06-08 18:23:35,0,0,0,0,0,0,0,0,0,0,0,0,0,0,0,0,2143288,0,0,0,0,0,0,0,0,0,0,0,0,0,0,0,0,0,249986,0
2026-06-08 18:23:36,0,0,0,0,0,0,0,0,0,0,0,0,0,0,0,0,3128146,0,0,0,0,0,0,0,0,0,0,0,0,0,0,0,0,0,232293,0
2026-06-08 18:23:37,0,0,0,0,0,0,0,0,0,0,0,0,0,0,0,0,4694301,0,0,0,0,0,0,0,0,0,0,0,0,0,0,0,0,0,214944,0
2026-06-08 18:23:38,0,0,0,0,0,0,0,0,0,0,0,0,0,0,0,0,7152363,0,0,0,0,0,0,0,0,0,0,0,0,0,0,0,0,0,198610,0
2026-06-08 18:23:39,0,0,0,0,0,0,0,0,0,0,0,0,0,0,0,0,10925463,0,0,0,0,0,0,0,0,0,0,0,0,0,0,0,0,0,183776,0
2026-06-08 18:23:40,0,0,0,0,0,0,0,0,0,0,0,0,0,0,0,0,16521861,0,0,0,0,0,0,0,0,0,0,0,0,0,0,0,0,0,170769,0
2026-06-08 18:23:41,0,0,0,0,0,0,0,0,0,0,0,0,0,0,0,0,24424400,0,0,0,0,0,0,0,0,0,0,0,0,0,0,0,0,0,159803,0
2026-06-08 18:23:42,0,0,0,0,0,0,0,0,0,0,0,0,0,0,0,0,34853926,0,0,0,0,0,0,0,0,0,0,0,0,0,0,0,0,0,151022,0
2026-06-08 18:23:43,0,0,0,0,0,0,0,0,0,0,0,0,0,0,0,0,47408850,0,0,0,0,0,0,0,0,0,0,0,0,0,0,0,0,0,144542,0
2026-06-08 18:23:44,0,0,0,0,0,0,0,0,0,0,0,0,0,0,0,0,60696565,0,0,0,0,0,0,0,0,0,0,0,0,0,0,0,0,0,140498,0
2026-06-08 18:23:45,0,0,0,0,0,0,0,0,0,0,0,0,0,0,0,0,72224215,0,0,0,0,0,0,0,0,0,0,0,0,0,0,0,0,0,139088,0
2026-06-08 18:23:46,0,0,0,0,0,0,0,0,0,0,0,0,0,0,0,0,82434085,0,0,0,0,0,0,0,0,0,0,0,0,0,0,0,0,0,139203,0
2026-06-08 18:23:47,0,0,0,0,0,0,0,0,0,0,0,0,0,0,0,0,93862864,0,0,0,0,0,0,0,0,0,0,0,0,0,0,0,0,0,139539,0
2026-06-08 18:23:48,0,0,0,0,0,0,0,0,0,0,0,0,0,0,0,0,106514937,0,0,0,0,0,0,0,0,0,0,0,0,0,0,0,0,0,140087,0
2026-06-08 18:23:49,0,0,0,0,0,0,0,0,0,0,0,0,0,0,0,0,120343795,0,0,0,0,0,0,0,0,0,0,0,0,0,0,0,0,0,140836,0
2026-06-08 18:23:50,0,0,0,0,0,0,0,0,0,0,0,0,0,0,0,0,135238422,0,0,0,0,0,0,0,0,0,0,0,0,0,0,0,0,0,141779,0
2026-06-08 18:23:51,0,0,0,0,0,0,0,0,0,0,0,0,0,0,0,0,151010254,0,0,0,0,0,0,0,0,0,0,0,0,0,0,0,0,0,142906,0
2026-06-08 18:23:52,0,0,0,0,0,0,0,0,0,0,0,0,0,0,0,0,167382275,0,0,0,0,0,0,0,0,0,0,0,0,0,0,0,0,0,144209,0
2026-06-08 18:23:53,0,0,0,0,0,0,0,0,0,0,0,0,0,0,0,0,183982248,0,0,0,0,0,0,0,0,0,0,0,0,0,0,0,0,0,145682,0
2026-06-08 18:23:54,0,0,0,0,0,0,0,0,0,0,0,0,0,0,0,0,200342246,0,0,0,0,0,0,0,0,0,0,0,0,0,0,0,0,0,147315,0
2026-06-08 18:23:55,0,0,0,0,0,0,0,0,0,0,0,0,0,0,0,0,215906671,0,0,0,0,0,0,0,0,0,0,0,0,0,0,0,0,0,149103,0
2026-06-08 18:23:56,0,0,0,0,0,0,0,0,0,0,0,0,0,0,0,0,230050524,0,0,0,0,0,0,0,0,0,0,0,0,0,0,0,0,0,151036,0
2026-06-08 18:23:57,0,0,0,0,0,0,0,0,0,0,0,0,0,0,0,0,242108910,0,0,0,0,0,0,0,0,0,0,0,0,0,0,0,0,0,153106,0
2026-06-08 18:23:58,0,0,0,0,0,0,0,0,0,0,0,0,0,0,0,0,251417462,0,0,0,0,0,0,0,0,0,0,0,0,0,0,0,0,0,155306,0
2026-06-08 18:23:59,0,0,0,0,0,0,0,0,0,0,0,0,0,0,0,0,257361727,0,0,0,0,0,0,0,0,0,0,0,0,0,0,0,0,0,157627,0
2026-06-08 18:24:00,0,0,0,0,0,0,0,0,0,0,0,0,0,0,0,0,259431725,0,0,0,0,0,0,0,0,0,0,0,0,0,0,0,0,0,160060,0
2026-06-08 18:24:01,0,0,0,0,0,0,0,0,0,0,0,0,0,0,0,0,243059684,0,0,0,0,0,0,0,0,0,0,0,0,0,0,0,0,0,163655,0
2026-06-08 18:24:02,0,0,0,0,0,0,0,0,0,0,0,0,0,0,0,0,202324963,0,0,0,0,0,0,0,0,0,0,0,0,0,0,0,0,0,169354,0
2026-06-08 18:24:03,0,0,0,0,0,0,0,0,0,0,0,0,0,0,0,0,152381840,0,0,0,0,0,0,0,0,0,0,0,0,0,0,0,0,0,177017,0
2026-06-08 18:24:04,0,0,0,0,0,0,0,0,0,0,0,0,0,0,0,0,105746176,0,0,0,0,0,0,0,0,0,0,0,0,0,0,0,0,0,186514,0
2026-06-08 18:24:05,0,0,0,0,0,0,0,0,0,0,0,0,0,0,0,0,68856406,0,0,0,0,0,0,0,0,0,0,0,0,0,0,0,0,0,197702,0
2026-06-08 18:24:06,0,0,0,0,0,0,0,0,0,0,0,0,0,0,0,0,42842298,0,0,0,0,0,0,0,0,0,0,0,0,0,0,0,0,0,210399,0
2026-06-08 18:24:07,0,0,0,0,0,0,0,0,0,0,0,0,0,0,0,0,25938831,0,0,0,0,0,0,0,0,0,0,0,0,0,0,0,0,0,224355,0
2026-06-08 18:24:08,0,0,0,0,0,0,0,0,0,0,0,0,0,0,0,0,15562443,0,0,0,0,0,0,0,0,0,0,0,0,0,0,0,0,0,239230,0
2026-06-08 18:24:09,0,0,0,0,0,0,0,0,0,0,0,0,0,0,0,0,9422267,0,0,0,0,0,0,0,0,0,0,0,0,0,0,0,0,0,254571,0
2026-06-08 18:24:10,0,0,0,0,0,0,0,0,0,0,0,0,0,0,0,0,5862513,0,0,0,0,0,0,0,0,0,0,0,0,0,0,0,0,0,269801,0
2026-06-08 18:24:11,0,0,0,0,0,0,0,0,0,0,0,0,0,0,0,0,3817363,0,0,0,0,0,0,0,0,0,0,0,0,0,0,0,0,0,284215,0
2026-06-08 18:24:12,0,0,0,0,0,0,0,0,0,0,0,0,0,0,0,0,2649079,0,0,0,0,0,0,0,0,0,0,0,0,0,0,0,0,0,296993,0
2026-06-08 18:24:13,0,0,0,0,0,0,0,0,0,0,0,0,0,0,0,0,1995164,0,0,0,0,0,0,0,0,0,0,0,0,0,0,0,0,0,307234,0
2026-06-08 18:24:14,0,0,0,0,0,0,0,0,0,0,0,0,0,0,0,0,1660791,0,0,0,0,0,0,0,0,0,0,0,0,0,0,0,0,0,314010,0
2026-06-08 18:24:15,0,0,0,0,0,0,0,0,0,0,0,0,0,0,0,0,1555983,0,0,0,0,0,0,0,0,0,0,0,0,0,0,0,0,0,316443,0
2026-06-08 18:24:16,0,0,0,0,0,0,0,0,0,0,0,0,0,0,0,0,1592111,0,0,0,0,0,0,0,0,0,0,0,0,0,0,0,0,0,314169,0
2026-06-08 18:24:17,0,0,0,0,0,0,0,0,0,0,0,0,0,0,0,0,1700036,0,0,0,0,0,0,0,0,0,0,0,0,0,0,0,0,0,307809,0
2026-06-08 18:24:18,0,0,0,0,0,0,0,0,0,0,0,0,0,0,0,0,1885073,0,0,0,0,0,0,0,0,0,0,0,0,0,0,0,0,0,298145,0
2026-06-08 18:24:19,0,0,0,0,0,0,0,0,0,0,0,0,0,0,0,0,2159995,0,0,0,0,0,0,0,0,0,0,0,0,0,0,0,0,0,286008,0
2026-06-08 18:24:20,0,0,0,0,0,0,0,0,0,0,0,0,0,0,0,0,2545076,0,0,0,0,0,0,0,0,0,0,0,0,0,0,0,0,0,272211,0
2026-06-08 18:24:21,0,0,0,0,0,0,0,0,0,0,0,0,0,0,0,0,3068609,0,0,0,0,0,0,0,0,0,0,0,0,0,0,0,0,0,257507,0
2026-06-08 18:24:22,0,0,0,0,0,0,0,0,0,0,0,0,0,0,0,0,3767421,0,0,0,0,0,0,0,0,0,0,0,0,0,0,0,0,0,242550,0
2026-06-08 18:24:23,0,0,0,0,0,0,0,0,0,0,0,0,0,0,0,0,4686812,0,0,0,0,0,0,0,0,0,0,0,0,0,0,0,0,0,227888,0
2026-06-08 18:24:24,0,0,0,0,0,0,0,0,0,0,0,0,0,0,0,0,5879099,0,0,0,0,0,0,0,0,0,0,0,0,0,0,0,0,0,213955,0
2026-06-08 18:24:25,0,0,0,0,0,0,0,0,0,0,0,0,0,0,0,0,7399683,0,0,0,0,0,0,0,0,0,0,0,0,0,0,0,0,0,201085,0
2026-06-08 18:24:26,0,0,0,0,0,0,0,0,0,0,0,0,0,0,0,0,9299371,0,0,0,0,0,0,0,0,0,0,0,0,0,0,0,0,0,189527,0
2026-06-08 18:24:27,0,0,0,0,0,0,0,0,0,0,0,0,0,0,0,0,11611845,0,0,0,0,0,0,0,0,0,0,0,0,0,0,0,0,0,179461,0
2026-06-08 18:24:28,0,0,0,0,0,0,0,0,0,0,0,0,0,0,0,0,14335908,0,0,0,0,0,0,0,0,0,0,0,0,0,0,0,0,0,171023,0
2026-06-08 18:24:29,0,0,0,0,0,0,0,0,0,0,0,0,0,0,0,0,17413841,0,0,0,0,0,0,0,0,0,0,0,0,0,0,0,0,0,164324,0
2026-06-08 18:24:30,0,0,0,0,0,0,0,0,0,0,0,0,0,0,0,0,20709922,0,0,0,0,0,0,0,0,0,0,0,0,0,0,0,0,0,159471,0
2026-06-08 18:24:31,0,0,0,0,0,0,0,0,0,0,0,0,0,0,0,0,24529169,0,0,0,0,0,0,0,0,0,0,0,0,0,0,0,0,0,155623,0
2026-06-08 18:24:32,0,0,0,0,0,0,0,0,0,0,0,0,0,0,0,0,29454032,0,0,0,0,0,0,0,0,0,0,0,0,0,0,0,0,0,151881,0
2026-06-08 18:24:33,0,0,0,0,0,0,0,0,0,0,0,0,0,0,0,0,35721520,1,0,0,0,0,0,0,0,0,0,0,0,0,0,0,0,0,148277,0
2026-06-08 18:24:34,0,0,0,0,0,0,0,0,0,0,0,0,0,0,0,0,43591726,3,0,0,0,0,0,0,0,0,0,0,0,0,0,0,0,0,144840,0
2026-06-08 18:24:35,0,0,0,0,0,0,0,0,0,0,0,0,0,0,0,0,53325244,6,0,0,0,0,0,0,0,0,0,0,0,0,0,0,0,0,141595,0
2026-06-08 18:24:36,0,0,0,0,0,0,0,0,0,0,0,0,0,0,0,0,65145136,13,0,0,0,0,0,0,0,0,0,0,0,0,0,0,0,0,138566,0
2026-06-08 18:24:37,0,0,0,0,0,0,0,0,0,0,0,0,0,0,0,0,79180311,27,0,0,0,0,0,0,0,0,0,0,0,0,0,0,0,0,135774,0
2026-06-08 18:24:38,0,0,0,0,0,0,0,0,0,0,0,0,0,0,0,0,95390290,58,0,0,0,0,0,0,0,0,0,0,0,0,0,0,0,0,133239,0
2026-06-08 18:24:39,0,0,0,0,0,0,0,0,0,0,0,0,0,0,0,0,113477196,120,0,0,0,0,0,0,0,0,0,0,0,0,0,0,0,0,130980,0
2026-06-08 18:24:40,0,0,0,0,0,0,0,0,0,0,0,0,0,0,0,0,132799422,240,0,0,0,0,0,0,0,0,0,0,0,0,0,0,0,0,129014,0
2026-06-08 18:24:41,0,0,0,0,0,0,0,0,0,0,0,0,0,0,0,0,152311481,447,0,0,0,0,0,0,0,0,0,0,0,0,0,0,0,0,127360,0
2026-06-08 18:24:42,0,0,0,0,0,0,0,0,0,0,0,0,0,0,0,0,170562544,758,0,0,0,0,0,0,0,0,0,0,0,0,0,0,0,0,126037,0
2026-06-08 18:24:43,0,0,0,0,0,0,0,0,0,0,0,0,0,0,0,0,185786843,1144,0,0,0,0,0,0,0,0,0,0,0,0,0,0,0,0,125063,0
2026-06-08 18:24:44,0,0,0,0,0,0,0,0,0,0,0,0,0,0,0,0,196106602,1491,0,0,0,0,0,0,0,0,0,0,0,0,0,0,0,0,124461,0
2026-06-08 18:24:45,0,0,0,0,0,0,0,0,0,0,0,0,0,0,0,0,199839413,1639,0,0,0,0,0,0,0,0,0,0,0,0,0,0,0,0,124254,0
2026-06-08 18:24:46,0,0,0,0,0,0,0,0,0,0,0,0,0,0,0,0,199486908,1491,0,0,0,0,0,0,0,0,0,0,0,0,0,0,0,0,124947,0
2026-06-08 18:24:47,0,0,0,0,0,0,0,0,0,0,0,0,0,0,0,0,198444415,1144,0,0,0,0,0,0,0,0,0,0,0,0,0,0,0,0,126925,0
2026-06-08 18:24:48,0,0,0,0,0,0,0,0,0,0,0,0,0,0,0,0,196739546,758,0,0,0,0,0,0,0,0,0,0,0,0,0,0,0,0,130054,0
2026-06-08 18:24:49,0,0,0,0,0,0,0,0,0,0,0,0,0,0,0,0,194406076,447,0,0,0,0,0,0,0,0,0,0,0,0,0,0,0,0,134220,0
2026-06-08 18:24:50,0,0,0,0,0,0,0,0,0,0,0,0,0,0,0,0,191483106,240,0,0,0,0,0,0,0,0,0,0,0,0,0,0,0,0,139308,0
2026-06-08 18:24:51,0,0,0,0,0,0,0,0,0,0,0,0,0,0,0,0,188014192,120,0,0,0,0,0,0,0,0,0,0,0,0,0,0,0,0,145199,0
2026-06-08 18:24:52,0,0,0,0,0,0,0,0,0,0,0,0,0,0,0,0,184046439,58,0,0,0,0,0,0,0,0,0,0,0,0,0,0,0,0,151750,0
2026-06-08 18:24:53,0,0,0,0,0,0,0,0,0,0,0,0,0,0,0,0,179629600,27,0,0,0,0,0,0,0,0,0,0,0,0,0,0,0,0,158792,0
2026-06-08 18:24:54,0,0,0,0,0,0,0,0,0,0,0,0,0,0,0,0,174815187,13,0,0,0,0,0,0,0,0,0,0,0,0,0,0,0,0,166119,0
2026-06-08 18:24:55,0,0,0,0,0,0,0,0,0,0,0,0,0,0,0,0,169655627,6,0,0,0,0,0,0,0,0,0,0,0,0,0,0,0,0,173482,0
2026-06-08 18:24:56,0,0,0,0,0,0,0,0,0,0,0,0,0,0,0,0,164203461,3,0,0,0,0,0,0,0,0,0,0,0,0,0,0,0,0,180590,0
2026-06-08 18:24:57,0,0,0,0,0,0,0,0,0,0,0,0,0,0,0,0,158510617,1,0,0,0,0,0,0,0,0,0,0,0,0,0,0,0,0,187106,0
2026-06-08 18:24:58,0,0,0,0,0,0,0,0,0,0,0,0,0,0,0,0,152627747,0,0,0,0,0,0,0,0,0,0,0,0,0,0,0,0,0,192661,0
2026-06-08 18:24:59,0,0,0,0,0,0,0,0,0,0,0,0,0,0,0,0,146603653,0,0,0,0,0,0,0,0,0,0,0,0,0,0,0,0,0,196864,0
2026-06-08 18:25:00,0,0,0,0,0,0,0,0,0,0,0,0,0,0,0,0,140484800,0,0,0,0,0,0,0,0,0,0,0,0,0,0,0,0,0,199325,0
2026-06-08 18:25:01,0,0,0,0,0,0,0,0,0,0,0,0,0,0,0,0,128007000,0,0,0,0,0,0,0,0,0,0,0,0,0,0,0,0,0,200765,0
2026-06-08 18:25:02,0,0,0,0,0,0,0,0,0,0,0,0,0,0,0,0,106633161,0,0,0,0,0,0,0,0,0,0,0,0,0,0,0,0,0,202150,0
2026-06-08 18:25:03,0,0,0,0,0,0,0,0,0,0,0,0,0,0,0,0,82285579,0,0,0,0,0,0,0,0,0,0,0,0,0,0,0,0,0,203474,0
2026-06-08 18:25:04,0,0,0,0,0,0,0,0,0,0,0,0,0,0,0,0,59600068,0,0,0,0,0,0,0,0,0,0,0,0,0,0,0,0,0,204730,0
2026-06-08 18:25:05,0,0,0,0,0,0,0,0,0,0,0,0,0,0,0,0,41056324,0,0,0,0,0,0,0,0,0,0,0,0,0,0,0,0,0,205912,0
2026-06-08 18:25:06,0,0,0,0,0,0,0,0,0,0,0,0,0,0,0,0,27254760,0,0,0,0,0,0,0,0,0,0,0,0,0,0,0,0,0,207012,0
2026-06-08 18:25:07,0,0,0,0,0,0,0,0,0,0,0,0,0,0,0,0,17666574,0,0,0,0,0,0,0,0,0,0,0,0,0,0,0,0,0,208024,0
2026-06-08 18:25:08,0,0,0,0,0,0,0,0,0,0,0,0,0,0,0,0,11329968,0,0,0,0,0,0,0,0,0,0,0,0,0,0,0,0,0,208942,0
2026-06-08 18:25:09,0,0,0,0,0,0,0,0,0,0,0,0,0,0,0,0,7284338,0,0,0,0,0,0,0,0,0,0,0,0,0,0,0,0,0,209758,0
2026-06-08 18:25:10,0,0,0,0,0,0,0,0,0,0,0,0,0,0,0,0,4757243,0,0,0,0,0,0,0,0,0,0,0,0,0,0,0,0,0,210466,0
2026-06-08 18:25:11,0,0,0,0,0,0,0,0,0,0,0,0,0,0,0,0,3197739,0,0,0,0,0,0,0,0,0,0,0,0,0,0,0,0,0,211059,0
2026-06-08 18:25:12,0,0,0,0,0,0,0,0,0,0,0,0,0,0,0,0,2241671,0,0,0,0,0,0,0,0,0,0,0,0,0,0,0,0,0,211532,0
2026-06-08 18:25:13,0,0,0,0,0,0,0,0,0,0,0,0,0,0,0,0,1660583,0,0,0,0,0,0,0,0,0,0,0,0,0,0,0,0,0,211876,0
2026-06-08 18:25:14,0,0,0,0,0,0,0,0,0,0,0,0,0,0,0,0,1317127,0,0,0,0,0,0,0,0,0,0,0,0,0,0,0,0,0,212087,0
2026-06-08 18:25:15,0,0,0,0,0,0,0,0,0,0,0,0,0,0,0,0,1133424,0,0,0,0,0,0,0,0,0,0,0,0,0,0,0,0,0,212159,0
2026-06-08 18:25:16,0,0,0,0,0,0,0,0,0,0,0,0,0,0,0,0,1021952,0,0,0,0,0,0,0,0,0,0,0,0,0,0,0,0,0,210509,0
2026-06-08 18:25:17,0,0,0,0,0,0,0,0,0,0,0,0,0,0,0,0,924624,0,0,0,0,0,0,0,0,0,0,0,0,0,0,0,0,0,205936,0
2026-06-08 18:25:18,0,0,0,0,0,0,0,0,0,0,0,0,0,0,0,0,839912,0,0,0,0,0,0,0,0,0,0,0,0,0,0,0,0,0,199062,0
2026-06-08 18:25:19,0,0,0,0,0,0,0,0,0,0,0,0,0,0,0,0,766433,0,0,0,0,0,0,0,0,0,0,0,0,0,0,0,0,0,190541,0
2026-06-08 18:25:20,0,0,0,0,0,0,0,0,0,0,0,0,0,0,0,0,702949,0,0,0,0,0,0,0,0,0,0,0,0,0,0,0,0,0,181000,0
2026-06-08 18:25:21,0,0,0,0,0,0,0,0,0,0,0,0,0,0,0,0,648368,0,0,0,0,0,0,0,0,0,0,0,0,0,0,0,0,0,171002,0
2026-06-08 18:25:22,0,0,0,0,0,0,0,0,0,0,0,0,0,0,0,0,601734,0,0,0,0,0,0,0,0,0,0,0,0,0,0,0,0,0,161030,0
2026-06-08 18:25:23,0,0,0,0,0,0,0,0,0,0,0,0,0,0,0,0,562225,0,0,0,0,0,0,0,0,0,0,0,0,0,0,0,0,0,151474,0
2026-06-08 18:25:24,0,0,0,0,0,0,0,0,0,0,0,0,0,0,0,0,529148,0,0,0,0,0,0,0,0,0,0,0,0,0,0,0,0,0,142640,0
2026-06-08 18:25:25,0,0,0,0,0,0,0,0,0,0,0,0,0,0,0,0,501929,0,0,0,0,0,0,0,0,0,0,0,0,0,0,0,0,0,134761,0
2026-06-08 18:25:26,0,0,0,0,0,0,0,0,0,0,0,0,0,0,0,0,480114,0,0,0,0,0,0,0,0,0,0,0,0,0,0,0,0,0,128013,0
2026-06-08 18:25:27,0,0,0,0,0,0,0,0,0,0,0,0,0,0,0,0,463363,0,0,0,0,0,0,0,0,0,0,0,0,0,0,0,0,0,122533,0
2026-06-08 18:25:28,0,0,0,0,0,0,0,0,0,0,0,0,0,0,0,0,451451,0,0,0,0,0,0,0,0,0,0,0,0,0,0,0,0,0,118443,0
2026-06-08 18:25:29,0,0,0,0,0,0,0,0,0,0,0,0,0,0,0,0,444272,0,0,0,0,0,0,0,0,0,0,0,0,0,0,0,0,0,115870,0
2026-06-08 18:25:30,0,0,0,0,0,0,0,0,0,0,0,0,0,0,0,0,441851,0,0,0,0,0,0,0,0,0,0,0,0,0,0,0,0,0,114969,0
2026-06-08 18:25:31,0,0,0,0,0,0,0,0,0,0,0,0,0,0,0,0,458853,0,0,0,0,0,0,0,0,0,0,0,0,0,0,0,0,0,117834,0
2026-06-08 18:25:32,0,0,0,0,0,0,0,0,0,0,0,0,0,0,0,0,510431,0,0,0,0,0,0,0,0,0,0,0,0,0,0,0,0,0,126283,0
2026-06-08 18:25:33,0,0,0,0,0,0,0,0,0,0,0,0,0,0,0,0,602106,0,0,0,0,0,0,0,0,0,0,0,0,0,0,0,0,0,140549,0
2026-06-08 18:25:34,0,0,0,0,0,0,0,0,0,0,0,0,0,0,0,0,745564,0,0,0,0,0,0,0,0,0,0,0,0,0,0,0,0,0,161336,0
2026-06-08 18:25:35,0,0,0,0,0,0,0,0,0,0,0,0,0,0,0,0,959357,0,0,0,0,0,0,0,0,0,0,0,0,0,0,0,0,0,189704,0
2026-06-08 18:25:36,0,0,0,0,0,0,0,0,0,0,0,0,0,0,0,0,1269882,0,0,0,0,0,0,0,0,0,0,0,0,0,0,0,0,0,226922,0
2026-06-08 18:25:37,0,0,0,0,0,0,0,0,0,0,0,0,0,0,0,0,1711752,0,0,0,0,0,0,0,0,0,0,0,0,0,0,0,0,0,274253,0
2026-06-08 18:25:38,0,0,0,0,0,0,0,0,0,0,0,0,0,0,0,0,2326042,0,0,0,0,0,0,0,0,0,0,0,0,0,0,0,0,0,332596,0
2026-06-08 18:25:39,0,0,0,0,0,0,0,0,0,0,0,0,0,0,0,0,3154275,0,0,0,0,0,0,0,0,0,0,0,0,0,0,0,0,0,401969,0
2026-06-08 18:25:40,0,0,0,0,0,0,0,0,0,0,0,0,0,0,0,0,4225638,0,0,0,0,0,0,0,0,0,0,0,0,0,0,0,0,0,480832,0
2026-06-08 18:25:41,0,0,0,0,0,0,0,0,0,0,0,0,0,0,0,0,5536067,0,0,0,0,0,0,0,0,0,0,0,0,0,0,0,0,0,565375,0
2026-06-08 18:25:42,0,0,0,0,0,0,0,0,0,0,0,0,0,0,0,0,7021541,0,0,0,0,0,0,0,0,0,0,0,0,0,0,0,0,0,648994,0
2026-06-08 18:25:43,0,0,0,0,0,0,0,0,0,0,0,0,0,0,0,0,8534756,0,0,0,0,0,0,0,0,0,0,0,0,0,0,0,0,0,722308,0
2026-06-08 18:25:44,0,0,0,0,0,0,0,0,0,0,0,0,0,0,0,0,9841991,0,0,0,0,0,0,0,0,0,0,0,0,0,0,0,0,0,774102,0
2026-06-08 18:25:45,0,0,0,0,0,0,0,0,0,0,0,0,0,0,0,0,10658931,0,0,0,0,0,0,0,0,0,0,0,0,0,0,0,0,0,793390,0
2026-06-08 18:25:46,0,0,0,0,0,0,0,0,0,0,0,0,0,0,0,0,11108925,0,0,0,0,0,0,0,0,0,0,0,0,0,0,0,0,0,783259,0
2026-06-08 18:25:47,0,0,0,0,0,0,0,0,0,0,0,0,0,0,0,0,11501730,0,0,0,0,0,0,0,0,0,0,0,0,0,0,0,0,0,755145,0
2026-06-08 18:25:48,0,0,0,0,0,0,0,0,0,0,0,0,0,0,0,0,11841777,0,0,0,0,0,0,0,0,0,0,0,0,0,0,0,0,0,713119,0
2026-06-08 18:25:49,0,0,0,0,0,0,0,0,0,0,0,0,0,0,0,0,12135647,0,0,0,0,0,0,0,0,0,0,0,0,0,0,0,0,0,661610,0
2026-06-08 18:25:50,0,0,0,0,0,0,0,0,0,0,0,0,0,0,0,0,12391710,0,0,0,0,0,0,0,0,0,0,0,0,0,0,0,0,0,604857,0
2026-06-08 18:25:51,0,0,0,0,0,0,0,0,0,0,0,0,0,0,0,0,12619774,0,0,0,0,0,0,0,0,0,0,0,0,0,0,0,0,0,546532,0
2026-06-08 18:25:52,0,0,0,0,0,0,0,0,0,0,0,0,0,0,0,0,12830801,0,0,0,0,0,0,0,0,0,0,0,0,0,0,0,0,0,489544,0
2026-06-08 18:25:53,0,0,0,0,0,0,0,0,0,0,0,0,0,0,0,0,13036700,0,0,0,0,0,0,0,0,0,0,0,0,0,0,0,0,0,435996,0
2026-06-08 18:25:54,0,0,0,0,0,0,0,0,0,0,0,0,0,0,0,0,13250219,0,0,0,0,0,0,0,0,0,0,0,0,0,0,0,0,0,387248,0
2026-06-08 18:25:55,0,0,0,0,0,0,0,0,0,0,0,0,0,0,0,0,13484964,0,0,0,0,0,0,0,0,0,0,0,0,0,0,0,0,0,344045,0
2026-06-08 18:25:56,0,0,0,0,0,0,0,0,0,0,0,0,0,0,0,0,13755540,0,0,0,0,0,0,0,0,0,0,0,0,0,0,0,0,0,306662,0
2026-06-08 18:25:57,0,0,0,0,0,0,0,0,0,0,0,0,0,0,0,0,14077856,0,0,0,0,0,0,0,0,0,0,0,0,0,0,0,0,0,275059,0
2026-06-08 18:25:58,0,0,0,0,0,0,0,0,0,0,0,0,0,0,0,0,14469588,0,0,0,0,0,0,0,0,0,0,0,0,0,0,0,0,0,249009,0
2026-06-08 18:25:59,0,0,0,0,0,0,0,0,0,0,0,0,0,0,0,0,14950869,0,0,0,0,0,0,0,0,0,0,0,0,0,0,0,0,0,228206,0
2026-06-08 18:26:00,0,0,0,0,0,0,0,0,0,0,0,0,0,0,0,0,15545231,0,0,0,0,0,0,0,0,0,0,0,0,0,0,0,0,0,212357,0
2026-06-08 18:26:01,0,0,0,0,0,0,0,0,0,0,0,0,0,0,0,0,16530395,0,0,0,0,0,0,0,0,0,0,0,0,0,0,0,0,0,199151,0
2026-06-08 18:26:02,0,0,0,0,0,0,0,0,0,0,0,0,0,0,0,0,18192269,0,0,0,0,0,0,0,0,0,0,0,0,0,0,0,0,0,186541,0
2026-06-08 18:26:03,0,0,0,0,0,0,0,0,0,0,0,0,0,0,0,0,20607676,0,0,0,0,0,0,0,0,0,0,0,0,0,0,0,0,0,174654,0
2026-06-08 18:26:04,0,0,0,0,0,0,0,0,0,0,0,0,0,0,0,0,23896295,0,0,0,0,0,0,0,0,0,0,0,0,0,0,0,0,0,163576,0
2026-06-08 18:26:05,0,0,0,0,0,0,0,0,0,0,0,0,0,0,0,0,28210609,0,0,0,0,0,0,0,0,0,0,0,0,0,0,0,0,0,153367,0
2026-06-08 18:26:06,0,0,0,0,0,0,0,0,0,0,0,0,0,0,0,0,33720622,0,0,0,0,0,0,0,0,0,0,0,0,0,0,0,0,0,144060,0
2026-06-08 18:26:07,0,0,0,0,0,0,0,0,0,0,0,0,0,0,0,0,40588298,0,0,0,0,0,0,0,0,0,0,0,0,0,0,0,0,0,135671,0
2026-06-08 18:26:08,0,0,0,0,0,0,0,0,0,0,0,0,0,0,0,0,48927067,0,0,0,0,0,0,0,0,0,0,0,0,0,0,0,0,0,128201,0
2026-06-08 18:26:09,0,0,0,0,0,0,0,0,0,0,0,0,0,0,0,0,58743726,0,0,0,0,0,0,0,0,0,0,0,0,0,0,0,0,0,121643,0
2026-06-08 18:26:10,0,0,0,0,0,0,0,0,0,0,0,0,0,0,0,0,69864843,0,0,0,0,0,0,0,0,0,0,0,0,0,0,0,0,0,115985,0
2026-06-08 18:26:11,0,0,0,0,0,0,0,0,0,0,0,0,0,0,0,0,81858106,0,0,0,0,0,0,0,0,0,0,0,0,0,0,0,0,0,111217,0
2026-06-08 18:26:12,0,0,0,0,0,0,0,0,0,0,0,0,0,0,0,0,93970473,0,0,0,0,0,0,0,0,0,0,0,0,0,0,0,0,0,107331,0
2026-06-08 18:26:13,0,0,0,0,0,0,0,0,0,0,0,0,0,0,0,0,105115985,0,0,0,0,0,0,0,0,0,0,0,0,0,0,0,0,0,104325,0
2026-06-08 18:26:14,0,0,0,0,0,0,0,0,0,0,0,0,0,0,0,0,113950085,0,0,0,0,0,0,0,0,0,0,0,0,0,0,0,0,0,102211,0
2026-06-08 18:26:15,0,0,0,0,0,0,0,0,0,0,0,0,0,0,0,0,119055647,0,0,0,0,0,0,0,0,0,0,0,0,0,0,0,0,0,101014,0
2026-06-08 18:26:16,0,0,0,0,0,0,0,0,0,0,0,0,0,0,0,0,121825676,0,0,0,0,0,0,0,0,0,0,0,0,0,0,0,0,0,100310,0
2026-06-08 18:26:17,0,0,0,0,0,0,0,0,0,0,0,0,0,0,0,0,124512781,0,0,0,0,0,0,0,0,0,0,0,0,0,0,0,0,0,99648,0
2026-06-08 18:26:18,0,0,0,0,0,0,0,0,0,0,0,0,0,0,0,0,127101111,0,0,0,0,0,0,0,0,0,0,0,0,0,0,0,0,0,99030,0
2026-06-08 18:26:19,0,0,0,0,0,0,0,0,0,0,0,0,0,0,0,0,129574371,0,0,0,0,0,0,0,0,0,0,0,0,0,0,0,0,0,98457,0
2026-06-08 18:26:20,0,0,0,0,0,0,0,0,0,0,0,0,0,0,0,0,131915935,0,0,0,0,0,0,0,0,0,0,0,0,0,0,0,0,0,97928,0
2026-06-08 18:26:21,0,0,0,0,0,0,0,0,0,0,0,0,0,0,0,0,134108975,0,0,0,0,0,0,0,0,0,0,0,0,0,0,0,0,0,97445,0
2026-06-08 18:26:22,0,0,0,0,0,0,0,0,0,0,0,0,0,0,0,0,136136599,0,0,0,0,0,0,0,0,0,0,0,0,0,0,0,0,0,97009,0
2026-06-08 18:26:23,0,0,0,0,0,0,0,0,0,0,0,0,0,0,0,0,137982008,0,0,0,0,0,0,0,0,0,0,0,0,0,0,0,0,0,96621,0
2026-06-08 18:26:24,0,0,0,0,0,0,0,0,0,0,0,0,0,0,0,0,139628662,0,0,0,0,0,0,0,0,0,0,0,0,0,0,0,0,0,96281,0
2026-06-08 18:26:25,0,0,0,0,0,0,0,0,0,0,0,0,0,0,0,0,141060455,0,0,0,0,0,0,0,0,0,0,0,0,0,0,0,0,0,95990,0
2026-06-08 18:26:26,0,0,0,0,0,0,0,0,0,0,0,0,0,0,0,0,142261903,0,0,0,0,0,0,0,0,0,0,0,0,0,0,0,0,0,95750,0
2026-06-08 18:26:27,0,0,0,0,0,0,0,0,0,0,0,0,0,0,0,0,143218335,0,0,0,0,0,0,0,0,0,0,0,0,0,0,0,0,0,95560,0
2026-06-08 18:26:28,0,0,0,0,0,0,0,0,0,0,0,0,0,0,0,0,143916085,0,0,0,0,0,0,0,0,0,0,0,0,0,0,0,0,0,95424,0
2026-06-08 18:26:29,0,0,0,0,0,0,0,0,0,0,0,0,0,0,0,0,144342693,0,0,0,0,0,0,0,0,0,0,0,0,0,0,0,0,0,95341,0
2026-06-08 18:26:30,0,0,0,0,0,0,0,0,0,0,0,0,0,0,0,0,144487096,0,0,0,0,0,0,0,0,0,0,0,0,0,0,0,0,0,95313,0
2026-06-08 18:26:31,0,0,0,0,0,0,0,0,0,0,0,0,0,0,0,0,144238703,0,0,0,0,0,0,0,0,0,0,0,0,0,0,0,0,0,95362,0
2026-06-08 18:26:32,0,0,0,0,0,0,0,0,0,0,0,0,0,0,0,0,143508990,0,0,0,0,0,0,0,0,0,0,0,0,0,0,0,0,0,95508,0
2026-06-08 18:26:33,0,0,0,0,0,0,0,0,0,0,0,0,0,0,0,0,142324457,0,0,0,0,0,0,0,0,0,0,0,0,0,0,0,0,0,95749,0
2026-06-08 18:26:34,0,0,0,0,0,0,0,0,0,0,0,0,0,0,0,0,140715416,0,0,0,0,0,0,0,0,0,0,0,0,0,0,0,0,0,96082,0
2026-06-08 18:26:35,0,0,0,0,0,0,0,0,0,0,0,0,0,0,0,0,138715220,0,0,0,0,0,0,0,0,0,0,0,0,0,0,0,0,0,96504,0
2026-06-08 18:26:36,0,0,0,0,0,0,0,0,0,0,0,0,0,0,0,0,136359510,0,0,0,0,0,0,0,0,0,0,0,0,0,0,0,0,0,97015,0
2026-06-08 18:26:37,0,0,0,0,0,0,0,0,0,0,0,0,0,0,0,0,133685469,0,0,0,0,0,0,0,0,0,0,0,0,0,0,0,0,0,97613,0
2026-06-08 18:26:38,0,0,0,0,0,0,0,0,0,0,0,0,0,0,0,0,130731131,0,0,0,0,0,0,0,0,0,0,0,0,0,0,0,0,0,98295,0
2026-06-08 18:26:39,0,0,0,0,0,0,0,0,0,0,0,0,0,0,0,0,127534726,0,0,0,0,0,0,0,0,0,0,0,0,0,0,0,0,0,99062,0
2026-06-08 18:26:40,0,0,0,0,0,0,0,0,0,0,0,0,0,0,0,0,124134099,0,0,0,0,0,0,0,0,0,0,0,0,0,0,0,0,0,99911,0
2026-06-08 18:26:41,0,0,0,0,0,0,0,0,0,0,0,0,0,0,0,0,120566186,0,0,0,0,0,0,0,0,0,0,0,0,0,0,0,0,0,100842,0
2026-06-08 18:26:42,0,0,0,0,0,0,0,0,0,0,0,0,0,0,0,0,116866575,0,0,0,0,0,0,0,0,0,0,0,0,0,0,0,0,0,101853,0
2026-06-08 18:26:43,0,0,0,0,0,0,0,0,0,0,0,0,0,0,0,0,113069133,0,0,0,0,0,0,0,0,0,0,0,0,0,0,0,0,0,102944,0
2026-06-08 18:26:44,0,0,0,0,0,0,0,0,0,0,0,0,0,0,0,0,109205707,0,0,0,0,0,0,0,0,0,0,0,0,0,0,0,0,0,104114,0
2026-06-08 18:26:45,0,0,0,0,0,0,0,0,0,0,0,0,0,0,0,0,105305905,0,0,0,0,0,0,0,0,0,0,0,0,0,0,0,0,0,105362,0
2026-06-08 18:26:46,0,0,0,0,0,0,0,0,0,0,0,0,0,0,0,0,99999277,0,0,0,0,0,0,0,0,0,0,0,0,0,0,0,0,0,107937,0
2026-06-08 18:26:47,0,0,0,0,0,0,0,0,0,0,0,0,0,0,0,0,92407355,0,0,0,0,0,0,0,0,0,0,0,0,0,0,0,0,0,112988,0
2026-06-08 18:26:48,0,0,0,0,0,0,0,0,0,0,0,0,0,0,0,0,83336948,0,0,0,0,0,0,0,0,0,0,0,0,0,0,0,0,0,120440,0
2026-06-08 18:26:49,0,0,0,0,0,0,0,0,0,0,0,0,0,0,0,0,73560699,0,0,0,0,0,0,0,0,0,0,0,0,0,0,0,0,0,130283,0
2026-06-08 18:26:50,0,0,0,0,0,0,0,0,0,0,0,0,0,0,0,0,63736342,0,0,0,0,0,0,0,0,0,0,0,0,0,0,0,0,0,142524,0
2026-06-08 18:26:51,0,0,0,0,0,0,0,0,0,0,0,0,0,0,0,0,54364736,0,0,0,0,0,0,0,0,0,0,0,0,0,0,0,0,0,157136,0
2026-06-08 18:26:52,0,0,0,0,0,0,0,0,0,0,0,0,0,0,0,0,45781721,0,0,0,0,0,0,0,0,0,0,0,0,0,0,0,0,0,174002,0
2026-06-08 18:26:53,0,0,0,0,0,0,0,0,0,0,0,0,0,0,0,0,38173982,0,0,0,0,0,0,0,0,0,0,0,0,0,0,0,0,0,192854,0
2026-06-08 18:26:54,0,0,0,0,0,0,0,0,0,0,0,0,0,0,0,0,31608157,0,0,0,0,0,0,0,0,0,0,0,0,0,0,0,0,0,213206,0
2026-06-08 18:26:55,0,0,0,0,0,0,0,0,0,0,0,0,0,0,0,0,26064119,0,0,0,0,0,0,0,0,0,0,0,0,0,0,0,0,0,234300,0
2026-06-08 18:26:56,0,0,0,0,0,0,0,0,0,0,0,0,0,0,0,0,21466188,0,0,0,0,0,0,0,0,0,0,0,0,0,0,0,0,0,255066,0
2026-06-08 18:26:57,0,0,0,0,0,0,0,0,0,0,0,0,0,0,0,0,17708861,0,0,0,0,0,0,0,0,0,0,0,0,0,0,0,0,0,274120,0
2026-06-08 18:26:58,0,0,0,0,0,0,0,0,0,0,0,0,0,0,0,0,14675943,0,0,0,0,0,0,0,0,0,0,0,0,0,0,0,0,0,289829,0
2026-06-08 18:26:59,0,0,0,0,0,0,0,0,0,0,0,0,0,0,0,0,12253407,0,0,0,0,0,0,0,0,0,0,0,0,0,0,0,0,0,300442,0
2026-06-08 18:27:00,0,0,0,0,0,0,0,0,0,0,0,0,0,0,0,0,10337108,0,0,0,0,0,0,0,0,0,0,0,0,0,0,0,0,0,304298,0
2026-06-08 18:27:01,0,0,0,0,0,0,0,0,0,0,0,0,0,0,0,0,8667960,0,0,0,0,0,0,0,0,0,0,0,0,0,0,0,0,0,301925,0
2026-06-08 18:27:02,0,0,0,0,0,0,0,0,0,0,0,0,0,0,0,0,7116771,0,0,0,0,0,0,0,0,0,0,0,0,0,0,0,0,0,295297,0
2026-06-08 18:27:03,0,0,0,0,0,0,0,0,0,0,0,0,0,0,0,0,5749571,0,0,0,0,0,0,0,0,0,0,0,0,0,0,0,0,0,285251,0
2026-06-08 18:27:04,0,0,0,0,0,0,0,0,0,0,0,0,0,0,0,0,4593169,0,0,0,0,0,0,0,0,0,0,0,0,0,0,0,0,0,272674,0
2026-06-08 18:27:05,0,0,0,0,0,0,0,0,0,0,0,0,0,0,0,0,3646297,0,0,0,0,0,0,0,0,0,0,0,0,0,0,0,0,0,258438,0
2026-06-08 18:27:06,0,0,0,0,0,0,0,0,0,0,0,0,0,0,0,0,2890630,0,0,0,0,0,0,0,0,0,0,0,0,0,0,0,0,0,243336,0
2026-06-08 18:27:07,0,0,0,0,0,0,0,0,0,0,0,0,0,0,0,0,2299705,0,0,0,0,0,0,0,0,0,0,0,0,0,0,0,0,0,228055,0
2026-06-08 18:27:08,0,0,0,0,0,0,0,0,0,0,0,0,0,0,0,0,1845137,0,0,0,0,0,0,0,0,0,0,0,0,0,0,0,0,0,213157,0
2026-06-08 18:27:09,0,0,0,0,0,0,0,0,0,0,0,0,0,0,0,0,1500378,0,0,0,0,0,0,0,0,0,0,0,0,0,0,0,0,0,199082,0
2026-06-08 18:27:10,0,0,0,0,0,0,0,0,0,0,0,0,0,0,0,0,1242585,0,0,0,0,0,0,0,0,0,0,0,0,0,0,0,0,0,186156,0
2026-06-08 18:27:11,0,0,0,0,0,0,0,0,0,0,0,0,0,0,0,0,1053278,0,0,0,0,0,0,0,0,0,0,0,0,0,0,0,0,0,174616,0
2026-06-08 18:27:12,0,0,0,0,0,0,0,0,0,0,0,0,0,0,0,0,918311,0,0,0,0,0,0,0,0,0,0,0,0,0,0,0,0,0,164625,0
2026-06-08 18:27:13,0,0,0,0,0,0,0,0,0,0,0,0,0,0,0,0,827570,0,0,0,0,0,0,0,0,0,0,0,0,0,0,0,0,0,156298,0
2026-06-08 18:27:14,0,0,0,0,0,0,0,0,0,0,0,0,0,0,0,0,774686,0,0,0,0,0,0,0,0,0,0,0,0,0,0,0,0,0,149728,0
2026-06-08 18:27:15,0,0,0,0,0,0,0,0,0,0,0,0,0,0,0,0,756991,0,0,0,0,0,0,0,0,0,0,0,0,0,0,0,0,0,145008,0
2026-06-08 18:27:16,0,0,0,0,0,0,0,0,0,0,0,0,0,0,0,0,758586,0,0,0,0,0,0,0,0,0,0,0,0,0,0,0,0,0,141293,0
2026-06-08 18:27:17,0,0,0,0,0,0,0,0,0,0,0,0,0,0,0,0,763315,0,0,0,0,0,0,0,0,0,0,0,0,0,0,0,0,0,137692,0
2026-06-08 18:27:18,0,0,0,0,0,0,0,0,0,0,0,0,0,0,0,0,771123,0,0,0,0,0,0,0,0,0,0,0,0,0,0,0,0,0,134232,0
2026-06-08 18:27:19,0,0,0,0,0,0,0,0,0,0,0,0,0,0,0,0,781987,0,0,0,0,0,0,0,0,0,0,0,0,0,0,0,0,0,130941,0
2026-06-08 18:27:20,0,0,0,0,0,0,0,0,0,0,0,0,0,0,0,0,795915,0,0,0,0,0,0,0,0,0,0,0,0,0,0,0,0,0,127842,0
2026-06-08 18:27:21,0,0,0,0,0,0,0,0,0,0,0,0,0,0,0,0,812946,0,0,0,0,0,0,0,0,0,0,0,0,0,0,0,0,0,124955,0
2026-06-08 18:27:22,0,0,0,0,0,0,0,0,0,0,0,0,0,0,0,0,833142,0,0,0,0,0,0,0,0,0,0,0,0,0,0,0,0,0,122299,0
2026-06-08 18:27:23,0,0,0,0,0,0,0,0,0,0,0,0,0,0,0,0,856593,0,0,0,0,0,0,0,0,0,0,0,0,0,0,0,0,0,119892,0
2026-06-08 18:27:24,0,0,0,0,0,0,0,0,0,0,0,0,0,0,0,0,883413,0,0,0,0,0,0,0,0,0,0,0,0,0,0,0,0,0,117751,0
2026-06-08 18:27:25,0,0,0,0,0,0,0,0,0,0,0,0,0,0,0,0,913739,0,0,0,0,0,0,0,0,0,0,0,0,0,0,0,0,0,115890,0
2026-06-08 18:27:26,0,0,0,0,0,0,0,0,0,0,0,0,0,0,0,0,947732,0,0,0,0,0,0,0,0,0,0,0,0,0,0,0,0,0,114327,0
2026-06-08 18:27:27,0,0,0,0,0,0,0,0,0,0,0,0,0,0,0,0,985574,0,0,0,0,0,0,0,0,0,0,0,0,0,0,0,0,0,113077,0
2026-06-08 18:27:28,0,0,0,0,0,0,0,0,0,0,0,0,0,0,0,0,1027469,0,0,0,0,0,0,0,0,0,0,0,0,0,0,0,0,0,112158,0
2026-06-08 18:27:29,0,0,0,0,0,0,0,0,0,0,0,0,0,0,0,0,1073642,0,0,0,0,0,0,0,0,0,0,0,0,0,0,0,0,0,111591,0
2026-06-08 18:27:30,0,0,0,0,0,0,0,0,0,0,0,0,0,0,0,0,1124339,0,0,0,0,0,0,0,0,0,0,0,0,0,0,0,0,0,111396,0
2026-06-08 18:27:31,0,0,0,0,0,0,0,0,0,0,0,0,0,0,0,0,1210308,0,0,0,0,0,0,0,0,0,0,0,0,0,0,0,0,0,112651,0
2026-06-08 18:27:32,0,0,0,0,0,0,0,0,0,0,0,0,0,0,0,0,1367990,0,0,0,0,0,0,0,0,0,0,0,0,0,0,0,0,0,116260,0
2026-06-08 18:27:33,0,0,0,0,0,0,0,0,0,0,0,0,0,0,0,0,1613294,0,0,0,0,0,0,0,0,0,0,0,0,0,0,0,0,0,122066,0
2026-06-08 18:27:34,0,0,0,0,0,0,0,0,0,0,0,0,0,0,0,0,1972618,0,0,0,0,0,0,0,0,0,0,0,0,0,0,0,0,0,129978,0
2026-06-08 18:27:35,0,0,0,0,0,0,0,0,0,0,0,0,0,0,0,0,2485000,0,0,0,0,0,0,0,0,0,0,0,0,0,0,0,0,0,139926,0
2026-06-08 18:27:36,0,0,0,0,0,0,0,0,0,0,0,0,0,0,0,0,3204935,0,0,0,0,0,0,0,0,0,0,0,0,0,0,0,0,0,151818,0
2026-06-08 18:27:37,0,0,0,0,0,0,0,0,0,0,0,0,0,0,0,0,4205102,0,0,0,0,0,0,0,0,0,0,0,0,0,0,0,0,0,165495,0
2026-06-08 18:27:38,0,0,0,0,0,0,0,0,0,0,0,0,0,0,0,0,5577681,0,0,0,0,0,0,0,0,0,0,0,0,0,0,0,0,0,180686,0
2026-06-08 18:27:39,0,0,0,0,0,0,0,0,0,0,0,0,0,0,0,0,7432001,0,0,0,0,0,0,0,0,0,0,0,0,0,0,0,0,0,196963,0
2026-06-08 18:27:40,0,0,0,0,0,0,0,0,0,0,0,0,0,0,0,0,9885262,0,0,0,0,0,0,0,0,0,0,0,0,0,0,0,0,0,213702,0
2026-06-08 18:27:41,0,0,0,0,0,0,0,0,0,0,0,0,0,0,0,0,13042359,0,0,0,0,0,0,0,0,0,0,0,0,0,0,0,0,0,230058,0
2026-06-08 18:27:42,0,0,0,0,0,0,0,0,0,0,0,0,0,0,0,0,16961524,0,0,0,0,0,0,0,0,0,0,0,0,0,0,0,0,0,244970,0
2026-06-08 18:27:43,0,0,0,0,0,0,0,0,0,0,0,0,0,0,0,0,21605764,0,0,0,0,0,0,0,0,0,0,0,0,0,0,0,0,0,257203,0
2026-06-08 18:27:44,0,0,0,0,0,0,0,0,0,0,0,0,0,0,0,0,26787096,0,0,0,0,0,0,0,0,0,0,0,0,0,0,0,0,0,265443,0
2026-06-08 18:27:45,0,0,0,0,0,0,0,0,0,0,0,0,0,0,0,0,32120935,0,0,0,0,0,0,0,0,0,0,0,0,0,0,0,0,0,268434,0
2026-06-08 18:27:46,0,0,0,0,0,0,0,0,0,0,0,0,0,0,0,0,37742676,0,0,0,0,0,0,0,0,0,0,0,0,0,0,0,0,0,267600,0
2026-06-08 18:27:47,0,0,0,0,0,0,0,0,0,0,0,0,0,0,0,0,44204286,0,0,0,0,0,0,0,0,0,0,0,0,0,0,0,0,0,265094,0
2026-06-08 18:27:48,0,0,0,0,0,0,0,0,0,0,0,0,0,0,0,0,51586151,0,0,0,0,0,0,0,0,0,0,0,0,0,0,0,0,0,260935,0
2026-06-08 18:27:49,0,0,0,0,0,0,0,0,0,0,0,0,0,0,0,0,59963756,0,0,0,0,0,0,0,0,0,0,0,0,0,0,0,0,0,255174,0
2026-06-08 18:27:50,0,0,0,0,0,0,0,0,0,0,0,0,0,0,0,0,69403497,0,0,0,0,0,0,0,0,0,0,0,0,0,0,0,0,0,247893,0
2026-06-08 18:27:51,0,0,0,0,0,0,0,0,0,0,0,0,0,0,0,0,79957756,0,0,0,0,0,0,0,0,0,0,0,0,0,0,0,0,0,239205,0
2026-06-08 18:27:52,0,0,0,0,0,0,0,0,0,0,0,0,0,0,0,0,91659277,0,0,0,0,0,0,0,0,0,0,0,0,0,0,0,0,0,229247,0
2026-06-08 18:27:53,0,0,0,0,0,0,0,0,0,0,0,0,0,0,0,0,104515027,0,0,0,0,0,0,0,0,0,0,0,0,0,0,0,0,0,218183,0
2026-06-08 18:27:54,0,0,0,0,0,0,0,0,0,0,0,0,0,0,0,0,118499741,0,0,0,0,0,0,0,0,0,0,0,0,0,0,0,0,0,206193,0
2026-06-08 18:27:55,0,0,0,0,0,0,0,0,0,0,0,0,0,0,0,0,133549513,0,0,0,0,0,0,0,0,0,0,0,0,0,0,0,0,0,193470,0
2026-06-08 18:27:56,0,0,0,0,0,0,0,0,0,0,0,0,0,0,0,0,149555827,0,0,0,0,0,0,0,0,0,0,0,0,0,0,0,0,0,180216,0
2026-06-08 18:27:57,0,0,0,0,0,0,0,0,0,0,0,0,0,0,0,0,166360559,0,0,0,0,0,0,0,0,0,0,0,0,0,0,0,0,0,166636,0
2026-06-08 18:27:58,0,0,0,0,0,0,0,0,0,0,0,0,0,0,0,0,183752515,0,0,0,0,0,0,0,0,0,0,0,0,0,0,0,0,0,152929,0
2026-06-08 18:27:59,0,0,0,0,0,0,0,0,0,0,0,0,0,0,0,0,201466102,0,0,0,0,0,0,0,0,0,0,0,0,0,0,0,0,0,139287,0
2026-06-08 18:28:00,0,0,0,0,0,0,0,0,0,0,0,0,0,0,0,0,219182727,0,0,0,0,0,0,0,0,0,0,0,0,0,0,0,0,0,125887,0
